"","coef","description"
"HMR_4355",-0.000349647672183376,"Glycolysis / Gluconeogenesis"
"HMR_4358",-0.000223856322011773,"Glycolysis / Gluconeogenesis"
"HMR_4363",-0.0269477773022071,"Glycolysis / Gluconeogenesis"
"HMR_4368",-0.0285717900722962,"Glycolysis / Gluconeogenesis"
"HMR_4371",-8.47554894838632e-18,"Glycolysis / Gluconeogenesis"
"HMR_4381",-0.0194725965045639,"Glycolysis / Gluconeogenesis"
"HMR_4394",0.0102493877671878,"Glycolysis / Gluconeogenesis"
"HMR_3944",-0.010548669968511,"Galactose metabolism"
"HMR_4128",0.010548669968511,"Galactose metabolism"
"HMR_4130",0.010548669968511,"Galactose metabolism"
"HMR_8767",0.010548669968511,"Galactose metabolism"
"HMR_0454",-4.33005161319667e-05,"Fructose and mannose metabolism"
"HMR_4193",-0.00093519461166513,"Pyruvate metabolism"
"HMR_4304",-2.23642205085517e-05,"Pentose phosphate pathway"
"HMR_4350",-0.00162514379352098,"Pentose phosphate pathway"
"HMR_4352",-0.0191384831293719,"Pentose phosphate pathway"
"HMR_4354",-0.0303328684875788,"Pentose phosphate pathway"
"HMR_4404",-0.00956924156468596,"Pentose phosphate pathway"
"HMR_4501",-0.00956924156468596,"Pentose phosphate pathway"
"HMR_4565",-0.00991888923686935,"Pentose phosphate pathway"
"HMR_4567",-0.000336455611975572,"Pentose phosphate pathway"
"HMR_8653",-2.23642205085517e-05,"Pentose phosphate pathway"
"HMR_4002",0.0766573065518072,"Purine metabolism"
"HMR_4080",-2.70987992331758e-05,"Purine metabolism"
"HMR_4085",0.0787668717311057,"Purine metabolism"
"HMR_4171",-0.00182451620949046,"Purine metabolism"
"HMR_4418",-2.70987992331758e-05,"Purine metabolism"
"HMR_4421",0.0071374461046259,"Purine metabolism"
"HMR_4573",-0.0110592532094647,"Purine metabolism"
"HMR_4600",-7.57708982797594e-17,"Purine metabolism"
"HMR_4611",-0.0250496464465946,"Purine metabolism"
"HMR_4612",0.00193003672530007,"Purine metabolism"
"HMR_4651",-0.0284874814402545,"Purine metabolism"
"HMR_4695",0.0231196097212938,"Purine metabolism"
"HMR_4018",0.000261873283374848,"Purine metabolism"
"HMR_4044",22.5479497801729,"Purine metabolism"
"HMR_4420",22.5728155339806,"Purine metabolism"
"HMR_4006",0.00964785011709593,"Pyrimidine metabolism"
"HMR_6614",22.5656762692985,"Pyrimidine metabolism"
"HMR_6615",22.5728155339806,"Pyrimidine metabolism"
"HMR_3931",-0.0231196097212944,"Pyrimidine metabolism"
"HMR_4032",-0.00363489110579026,"Pyrimidine metabolism"
"HMR_4182",0.0145246085113624,"Pyrimidine metabolism"
"HMR_4194",0.0110289172512236,"Pyrimidine metabolism"
"HMR_4577",-0.0805851599791956,"Pyrimidine metabolism"
"HMR_4644",-0.0103686813942741,"Pyrimidine metabolism"
"HMR_6627",-0.0315042713783018,"Pyrimidine metabolism"
"HMR_4054",0.0103686813942734,"Nucleotide metabolism"
"HMR_4180",-0.0219186346567958,"Nucleotide metabolism"
"HMR_4507",-0.010368681394274,"Nucleotide metabolism"
"HMR_4633",0.0231196097212938,"Nucleotide metabolism"
"HMR_7160",-5.84160912134928e-16,"Nucleotide metabolism"
"HMR_7162",1.00141870651703e-15,"Nucleotide metabolism"
"HMR_7800",-0.000582183233656441,"Nucleotide metabolism"
"HMR_8443",-0.000805002605285026,"Nucleotide metabolism"
"HMR_3831",-0.000123125895272959,"Alanine, aspartate and glutamate metabolism"
"HMR_3956",-0.000340467715369591,"Arginine and proline metabolism"
"HMR_8607",-6.1611372102729e-05,"Arginine and proline metabolism"
"HMR_3839",-0.00168748436824992,"Glycine, serine and threonine metabolism"
"HMR_3841",-0.00168748436824993,"Glycine, serine and threonine metabolism"
"HMR_4198",-0.00174782181241295,"Glycine, serine and threonine metabolism"
"HMR_8566",-12.1959797958607,"Tryptophan metabolism"
"HMR_3208",-2.47827460549568e-05,"Valine, leucine, and isoleucine metabolism"
"HMR_3213",-2.47827460549569e-05,"Valine, leucine, and isoleucine metabolism"
"HMR_3215",-2.47827460549562e-05,"Valine, leucine, and isoleucine metabolism"
"HMR_6725",-0.00644390297344888,"Phenylalanine, tyrosine and tryptophan biosynthesis"
"HMR_3996",0.00745071335225624,"Cysteine and methionine metabolism"
"HMR_4323",-0.14181573285163,"Cysteine and methionine metabolism"
"HMR_5390",-6.16113721027288e-05,"Cysteine and methionine metabolism"
"HMR_8682",1.74130647324979e-05,"Cysteine and methionine metabolism"
"HMR_4116",-1.74130647324973e-05,"Glutathione metabolism"
"HMR_4176",0.0458632318501176,"Glutathione metabolism"
"HMR_4329",0.0458632318501176,"Glutathione metabolism"
"HMR_3988",-0.00284866345486125,"Amino sugar and nucleotide sugar metabolism"
"HMR_4158",-0.00951568956911054,"Amino sugar and nucleotide sugar metabolism"
"HMR_4159",0.00951568956911063,"Amino sugar and nucleotide sugar metabolism"
"HMR_4524",-0.00950015527211847,"Amino sugar and nucleotide sugar metabolism"
"HMR_4527",0.0380627582764425,"Amino sugar and nucleotide sugar metabolism"
"HMR_4631",-0.00951568956911054,"Amino sugar and nucleotide sugar metabolism"
"HMR_8366",0.00956224994499921,"Amino sugar and nucleotide sugar metabolism"
"HMR_8367",-4.65603758885834e-05,"Amino sugar and nucleotide sugar metabolism"
"HMR_8368",0.00951568956911063,"Amino sugar and nucleotide sugar metabolism"
"HMR_8375",-0.0419150998377202,"Amino sugar and nucleotide sugar metabolism"
"HMR_5130",-4.50638417932658e-15,"Aminoacyl-tRNA biosynthesis"
"HMR_5131",-7.34373718112486e-15,"Aminoacyl-tRNA biosynthesis"
"HMR_5132",9.34657459415885e-15,"Aminoacyl-tRNA biosynthesis"
"HMR_5133",3.17115923730392e-15,"Aminoacyl-tRNA biosynthesis"
"HMR_5134",1.3352249420227e-15,"Aminoacyl-tRNA biosynthesis"
"HMR_5135",-2.00283741303405e-15,"Aminoacyl-tRNA biosynthesis"
"HMR_5136",6.34231847460783e-15,"Aminoacyl-tRNA biosynthesis"
"HMR_5137",1.9360761659329e-14,"Aminoacyl-tRNA biosynthesis"
"HMR_5138",-3.33806235505675e-15,"Aminoacyl-tRNA biosynthesis"
"HMR_5139",-1.3352249420227e-15,"Aminoacyl-tRNA biosynthesis"
"HMR_5140",0,"Aminoacyl-tRNA biosynthesis"
"HMR_5141",4.00567482606811e-15,"Aminoacyl-tRNA biosynthesis"
"HMR_5142",-5.67470600359647e-15,"Aminoacyl-tRNA biosynthesis"
"HMR_5143",-1.50212805977554e-15,"Aminoacyl-tRNA biosynthesis"
"HMR_5145",-2.33664364853971e-15,"Aminoacyl-tRNA biosynthesis"
"HMR_5146",8.01134965213621e-15,"Aminoacyl-tRNA biosynthesis"
"HMR_5147",1.3352249420227e-15,"Aminoacyl-tRNA biosynthesis"
"HMR_5148",9.68038082966451e-15,"Aminoacyl-tRNA biosynthesis"
"HMR_5149",-2.37836942797793e-15,"Aminoacyl-tRNA biosynthesis"
"HMR_5150",6.34231847460783e-15,"Aminoacyl-tRNA biosynthesis"
"HMR_5407",-0.00160557414155193,"Miscellaneous"
"HMR_0710",-0.00131804876087251,"Tricarboxylic acid cycle and glyoxylate/dicarboxylate metabolism"
"HMR_4152",-0.000723252324359934,"Tricarboxylic acid cycle and glyoxylate/dicarboxylate metabolism"
"HMR_4408",0.000860792655802198,"Tricarboxylic acid cycle and glyoxylate/dicarboxylate metabolism"
"HMR_4410",-0.00044493472728816,"Tricarboxylic acid cycle and glyoxylate/dicarboxylate metabolism"
"HMR_4458",-0.000714974631205539,"Tricarboxylic acid cycle and glyoxylate/dicarboxylate metabolism"
"HMR_4589",-7.0357654441691e-05,"Tricarboxylic acid cycle and glyoxylate/dicarboxylate metabolism"
"HMR_5297",-0.000436596294930128,"Tricarboxylic acid cycle and glyoxylate/dicarboxylate metabolism"
"HMR_6911",0.000275514954977693,"Oxidative phosphorylation"
"HMR_6912",0.00327061285976065,"Oxidative phosphorylation"
"HMR_6914",-0.000106980626268315,"Oxidative phosphorylation"
"HMR_6916",0.00460734120012485,"Oxidative phosphorylation"
"HMR_6918",0.00124573348349103,"Oxidative phosphorylation"
"HMR_6921",0.00147087036214984,"Oxidative phosphorylation"
"HMR_3960",-3.18588602944818,"ROS detoxification"
"HMR_3980",-1.5929772817097,"ROS detoxification"
"HMR_3982",-1.8407361738476e-05,"ROS detoxification"
"HMR_4767",9.88041244127469e-06,"ROS detoxification"
"HMR_8409",-7.13834292678212e-05,"ROS detoxification"
"HMR_8410",1.39983042166778e-05,"ROS detoxification"
"HMR_0156",-0.00010795409076655,"Fatty acid activation (cytosolic)"
"HMR_0168",18.7776604097489,"Fatty acid activation (cytosolic)"
"HMR_0174",0.000242809733760773,"Fatty acid activation (cytosolic)"
"HMR_2982",-7.16161932043425e-05,"Fatty acid activation (endoplasmic reticular)"
"HMR_2591",-1.53906797423108e-05,"Carnitine shuttle (cytosolic)"
"HMR_2714",-7.16161932043425e-05,"Carnitine shuttle (cytosolic)"
"HMR_2730",-5.41445473190003e-05,"Carnitine shuttle (cytosolic)"
"HMR_2656",-1.39404813055692e-05,"Carnitine shuttle (mitochondrial)"
"HMR_2673",4.94918114219653e-05,"Carnitine shuttle (mitochondrial)"
"HMR_2745",0.000152434650225604,"Carnitine shuttle (mitochondrial)"
"HMR_2817",-1.39404813055692e-05,"Carnitine shuttle (endoplasmic reticular)"
"HMR_2861",-7.16161932043425e-05,"Carnitine shuttle (endoplasmic reticular)"
"HMR_0670",0.00019903935924283,"Acylglycerides metabolism"
"HMR_0681",0.00019903935924283,"Acylglycerides metabolism"
"HMR_3430",-2.54084857665313e-05,"Beta oxidation of even-chain fatty acids (mitochondrial)"
"HMR_7943",-1.48103963063309e-05,"Steroid metabolism"
"HMR_0736",-4.95131988817347e-05,"Sphingolipid metabolism"
"HMR_0758",-4.95131988822436e-05,"Sphingolipid metabolism"
"HMR_0762",0.00771381792939124,"Sphingolipid metabolism"
"HMR_8219",0.000401843980757999,"Sphingolipid metabolism"
"HMR_0448",0.000149149634134244,"Glycerophospholipid metabolism"
"HMR_0479",-0.000491899424487834,"Glycerophospholipid metabolism"
"HMR_0579",8.86672813061948e-17,"Glycerophospholipid metabolism"
"HMR_0580",8.86672813061948e-17,"Glycerophospholipid metabolism"
"HMR_0581",8.86672813061948e-17,"Glycerophospholipid metabolism"
"HMR_0586",-0.000704766790207254,"Glycerophospholipid metabolism"
"HMR_0598",3.72589282636091e-19,"Glycerophospholipid metabolism"
"HMR_0614",-0.00019903935924283,"Glycerophospholipid metabolism"
"HMR_0632",-4.95131988827458e-05,"Glycerophospholipid metabolism"
"HMR_0651",-0.00019903935924283,"Glycerophospholipid metabolism"
"HMR_0819",0.00951568956911063,"Glycosphingolipid biosynthesis-ganglio series"
"HMR_0821",0.00951568956911063,"Glycosphingolipid biosynthesis-ganglio series"
"HMR_0845",0.00951568956911063,"Glycosphingolipid biosynthesis-ganglio series"
"HMR_0847",0.00951568956911063,"Glycosphingolipid biosynthesis-ganglio series"
"HMR_7571",2.47565994406585e-05,"Heparan sulfate degradation"
"HMR_7572",2.47565994406585e-05,"Heparan sulfate degradation"
"HMR_7573",2.47565994406585e-05,"Heparan sulfate degradation"
"HMR_1684",7.83881969988379e-05,"Bile acid biosynthesis"
"HMR_1774",7.83881969988379e-05,"Transport reactions"
"HMR_1830",-7.41936290879748,"Bile acid biosynthesis"
"HMR_1834",-7.53308499235361,"Bile acid biosynthesis"
"HMR_1835",-0.113722083556325,"Bile acid biosynthesis"
"HMR_1841",-0.275584272347593,"Bile acid biosynthesis"
"HMR_1844",-18.3920272149294,"Bile acid biosynthesis"
"HMR_1855",-0.000397491189377228,"Transport reactions"
"HMR_4265",0.00184538704732436,"Nicotinate and nicotinamide metabolism"
"HMR_4269",3.15678693150736e-16,"Nicotinate and nicotinamide metabolism"
"HMR_8791",0.00184538704732443,"Nicotinate and nicotinamide metabolism"
"HMR_4308",-0.000520458625851129,"Inositol phosphate metabolism"
"HMR_4654",-2.42018812827932,"Folate metabolism"
"HMR_7920",-0.0731430936941839,"Folate metabolism"
"HMR_8129",0.0425973634494924,"Folate metabolism"
"HMR_8132",-0.337718982530806,"Folate metabolism"
"HMR_8144",-0.0010683687742462,"Folate metabolism"
"HMR_7663",-8.30240331052057e-05,"Biotin metabolism"
"HMR_6630",0.000227102591695647,"Retinol metabolism"
"HMR_6632",-3.71746168148793e-05,"Retinol metabolism"
"HMR_6634",3.72589282636091e-19,"Retinol metabolism"
"HMR_6638",-0.00366414561183181,"Retinol metabolism"
"HMR_6641",4.00742990069463e-19,"Retinol metabolism"
"HMR_6642",4.00742990069463e-19,"Retinol metabolism"
"HMR_6643",2.21582956276574e-05,"Retinol metabolism"
"HMR_6644",-0.00377371209140417,"Retinol metabolism"
"HMR_6647",-9.83826702747632e-06,"Retinol metabolism"
"HMR_6648",4.00742990069463e-19,"Retinol metabolism"
"HMR_6649",4.00742990069463e-19,"Retinol metabolism"
"HMR_6650",-1.92410359018662e-05,"Retinol metabolism"
"HMR_6651",-3.82174120643008e-05,"Retinol metabolism"
"HMR_6652",-1.92410359018664e-05,"Retinol metabolism"
"HMR_6653",4.00742990069463e-19,"Retinol metabolism"
"HMR_6654",4.00742990069463e-19,"Retinol metabolism"
"HMR_6655",4.00742990069463e-19,"Retinol metabolism"
"HMR_6656",4.00742990069463e-19,"Retinol metabolism"
"HMR_6657",4.00742990069463e-19,"Retinol metabolism"
"HMR_6658",4.00742990069463e-19,"Retinol metabolism"
"HMR_6664",4.00742990069463e-19,"Retinol metabolism"
"HMR_6665",4.00742990069463e-19,"Retinol metabolism"
"HMR_6668",4.00742990069463e-19,"Retinol metabolism"
"HMR_6669",4.00742990069463e-19,"Retinol metabolism"
"HMR_6672",-0.000128852060851368,"Retinol metabolism"
"HMR_6676",-8.09531388554156e-06,"Retinol metabolism"
"HMR_6677",4.00742990069463e-19,"Retinol metabolism"
"HMR_6678",4.00742990069463e-19,"Retinol metabolism"
"HMR_6682",3.72589282636091e-19,"Retinol metabolism"
"HMR_6687",3.72589282636091e-19,"Retinol metabolism"
"HMR_6692",3.72589282636091e-19,"Retinol metabolism"
"HMR_6693",3.72589282636091e-19,"Retinol metabolism"
"HMR_6700",4.00742990069463e-19,"Retinol metabolism"
"HMR_6701",4.00742990069463e-19,"Retinol metabolism"
"HMR_6702",4.00742990069463e-19,"Retinol metabolism"
"HMR_6703",4.00742990069463e-19,"Retinol metabolism"
"HMR_8698",-0.000307043480175457,"Retinol metabolism"
"HMR_4204",4.4822614630889e-19,"Thiamine metabolism"
"HMR_8613",-4.38237451468774e-21,"Vitamin B12 metabolism"
"HMR_8615",-1.26546448754052e-20,"Vitamin B12 metabolism"
"HMR_8616",-1.26546448754052e-20,"Vitamin B12 metabolism"
"HMR_2129",4.00742990069463e-19,"Vitamin D metabolism"
"HMR_2131",4.00742990069463e-19,"Vitamin D metabolism"
"HMR_2132",4.00742990069463e-19,"Vitamin D metabolism"
"HMR_2133",4.00742990069463e-19,"Vitamin D metabolism"
"HMR_2134",4.00742990069463e-19,"Vitamin D metabolism"
"HMR_2135",4.00742990069463e-19,"Vitamin D metabolism"
"HMR_2136",4.00742990069463e-19,"Vitamin D metabolism"
"HMR_2137",4.00742990069463e-19,"Vitamin D metabolism"
"HMR_2139",4.00742990069463e-19,"Vitamin D metabolism"
"HMR_2142",4.00742990069463e-19,"Vitamin D metabolism"
"HMR_2143",4.00742990069463e-19,"Vitamin D metabolism"
"HMR_2144",4.00742990069463e-19,"Vitamin D metabolism"
"HMR_2145",4.00742990069463e-19,"Vitamin D metabolism"
"HMR_6426",3.68699386790061e-19,"Vitamin E metabolism"
"HMR_6428",3.68699386790061e-19,"Vitamin E metabolism"
"HMR_6432",3.68699386790061e-19,"Vitamin E metabolism"
"HMR_6433",3.68699386790061e-19,"Vitamin E metabolism"
"HMR_6434",3.68699386790061e-19,"Vitamin E metabolism"
"HMR_6435",3.68699386790061e-19,"Vitamin E metabolism"
"HMR_6436",3.72589282636091e-19,"Vitamin E metabolism"
"HMR_6441",1.88263113617281e-06,"Vitamin E metabolism"
"HMR_6443",1.88263113617281e-06,"Vitamin E metabolism"
"HMR_6447",1.88263113617281e-06,"Vitamin E metabolism"
"HMR_6448",1.88263113617281e-06,"Vitamin E metabolism"
"HMR_6450",1.88263113617281e-06,"Vitamin E metabolism"
"HMR_6451",1.88263113617281e-06,"Vitamin E metabolism"
"HMR_6453",3.72589282636091e-19,"Vitamin E metabolism"
"HMR_6490",-6.43859848575039e-05,"Vitamin E metabolism"
"HMR_8617",-1.26546448754052e-20,"Miscellaneous"
"HMR_8749",-0.000189841663789807,"Miscellaneous"
"HMR_0352",-1.39404813055692e-05,"Transport reactions"
"HMR_0376",-5.49068591484966e-05,"Transport reactions"
"HMR_4845",-3.85110133958243,"Transport reactions"
"HMR_4847",0.0556472620098106,"Transport reactions"
"HMR_4848",-2.70987992331758e-05,"Transport reactions"
"HMR_4919",-0.0016700735619871,"Transport reactions"
"HMR_4958",-0.00162514379352095,"Transport reactions"
"HMR_4983",0.00200644755658313,"Transport reactions"
"HMR_5038",-0.00713480596503078,"Transport reactions"
"HMR_5041",-0.0018344330506355,"Transport reactions"
"HMR_5070",-6.02800386995712,"Transport reactions"
"HMR_5073",-0.0288202641914429,"Transport reactions"
"HMR_5074",25.0346955844572,"Transport reactions"
"HMR_5077",-0.123823811443159,"Transport reactions"
"HMR_5078",-29.4402244590244,"Transport reactions"
"HMR_5079",0.107248869985351,"Transport reactions"
"HMR_5080",6.23312479670369,"Transport reactions"
"HMR_5082",-0.0304933124584373,"Transport reactions"
"HMR_5084",-0.0177342818925006,"Transport reactions"
"HMR_5088",6.53935971441086,"Transport reactions"
"HMR_5091",-0.0770123495200762,"Transport reactions"
"HMR_5129",-0.00603556560270152,"Transport reactions"
"HMR_5305",0.150376003249549,"Transport reactions"
"HMR_5307",-0.565177374869329,"Transport reactions"
"HMR_5314",0.249289871827466,"Transport reactions"
"HMR_5315",0.166989682845405,"Transport reactions"
"HMR_5316",0.24338788226604,"Transport reactions"
"HMR_5318",-0.00011513562674786,"Transport reactions"
"HMR_5319",0.16760139472099,"Transport reactions"
"HMR_5322",-0.0206118937723105,"Transport reactions"
"HMR_5324",-0.00523888724676568,"Transport reactions"
"HMR_5326",0.138462004161618,"Transport reactions"
"HMR_5330",-0.564074023502721,"Transport reactions"
"HMR_5430",76.9937018902211,"Transport reactions"
"HMR_5435",-0.275584272347593,"Transport reactions"
"HMR_5436",-18.3920272149294,"Transport reactions"
"HMR_5460",-0.138595878960753,"Transport reactions"
"HMR_5461",-0.0105648817287238,"Transport reactions"
"HMR_5462",-0.0120000261476548,"Transport reactions"
"HMR_5463",-0.817380844309395,"Transport reactions"
"HMR_5464",-0.390006020123732,"Transport reactions"
"HMR_5466",-0.632538774287036,"Transport reactions"
"HMR_5467",-1.53121049992133,"Transport reactions"
"HMR_5469",-1.34531310974064,"Transport reactions"
"HMR_5470",-1.02678586548463,"Transport reactions"
"HMR_5472",-0.929260670546177,"Transport reactions"
"HMR_5477",0.186219344262294,"Transport reactions"
"HMR_5488",-0.00187106614219776,"Transport reactions"
"HMR_5489",0.000738858711716423,"Transport reactions"
"HMR_5490",-0.000702138878152557,"Transport reactions"
"HMR_5491",25.0511157106477,"Transport reactions"
"HMR_5493",-0.000169481139582291,"Transport reactions"
"HMR_5494",0.228641155958463,"Transport reactions"
"HMR_5496",0.292837464570051,"Transport reactions"
"HMR_5497",0.0681194292304381,"Transport reactions"
"HMR_5499",0.111224244560151,"Transport reactions"
"HMR_5501",-0.00051548282212774,"Transport reactions"
"HMR_5503",0.0525232959687138,"Transport reactions"
"HMR_5508",-0.102300015233853,"Transport reactions"
"HMR_5509",0.0553856188230235,"Transport reactions"
"HMR_5518",-0.00541071485414156,"Transport reactions"
"HMR_5528",-0.00120279325163138,"Transport reactions"
"HMR_5537",0.089159039585285,"Transport reactions"
"HMR_5545",0.00110034537641273,"Transport reactions"
"HMR_5552",0.0428493315559887,"Transport reactions"
"HMR_5558",-0.0195519560719412,"Transport reactions"
"HMR_5563",-0.0914858189886473,"Transport reactions"
"HMR_5568",0.124035139376369,"Transport reactions"
"HMR_5569",0.0823005955980996,"Transport reactions"
"HMR_5570",0.0865311056987917,"Transport reactions"
"HMR_5571",0.163640833392589,"Transport reactions"
"HMR_5573",0.0865311056987917,"Transport reactions"
"HMR_5580",0.0543520761237808,"Transport reactions"
"HMR_5602",-0.435217335443422,"Transport reactions"
"HMR_5617",-0.0495462791017257,"Transport reactions"
"HMR_5632",-0.0801609106157893,"Transport reactions"
"HMR_5647",-0.0490045301244582,"Transport reactions"
"HMR_5649",-0.00103096564425548,"Transport reactions"
"HMR_5650",-0.000171827607375912,"Transport reactions"
"HMR_5657",6.22271965573371,"Transport reactions"
"HMR_5662",-0.0089198049673848,"Transport reactions"
"HMR_5664",0.00108251392646826,"Transport reactions"
"HMR_5665",0.000738858711716429,"Transport reactions"
"HMR_5666",6.22112165898514,"Transport reactions"
"HMR_5672",-0.000859138036879572,"Transport reactions"
"HMR_5907",-0.00427932061572047,"Transport reactions"
"HMR_5955",-0.00114529001159592,"Transport reactions"
"HMR_5994",0.00041733488309022,"Transport reactions"
"HMR_5995",-0.00017605108980867,"Transport reactions"
"HMR_5996",-0.000126674621789781,"Transport reactions"
"HMR_5997",0.000379174596180554,"Transport reactions"
"HMR_6051",-0.000145972740692108,"Transport reactions"
"HMR_6055",0.00338721074637323,"Transport reactions"
"HMR_6096",0.00338721074637323,"Transport reactions"
"HMR_6353",-0.646897123486847,"Transport reactions"
"HMR_6356",0.00352334172760912,"Transport reactions"
"HMR_6357",-2.51645671561463,"Transport reactions"
"HMR_6359",0.0133848053988457,"Transport reactions"
"HMR_6360",-0.0162186038376968,"Transport reactions"
"HMR_6361",0.00537050320341668,"Transport reactions"
"HMR_6377",-0.00444834360291947,"Transport reactions"
"HMR_6380",-3.27131883033319,"Transport reactions"
"HMR_6381",2.21404433493958,"Transport reactions"
"HMR_6382",0.0689713727009031,"Transport reactions"
"HMR_6384",-6.24963718570729,"Transport reactions"
"HMR_6439",1.88263113617281e-06,"Transport reactions"
"HMR_6628",0.000233370916150863,"Transport reactions"
"HMR_7684",-0.342801876926966,"Transport reactions"
"HMR_8077",0.00133780872604326,"Transport reactions"
"HMR_8551",-0.000107327785754773,"Transport reactions"
"HMR_8612",-1.26546448754052e-20,"Transport reactions"
"HMR_8659",-0.053499588524241,"Transport reactions"
"HMR_8660",-7.36586332027322,"Transport reactions"
"HMR_8687",0.00745864518645747,"Transport reactions"
"HMR_8917",4.93249357677184e-05,"Transport reactions"
"HMR_8938",-0.0816040961211539,"Transport reactions"
"HMR_9189",-7.53308499235361,"Transport reactions"
"HMR_9594",-7.39527661809321e-05,"Transport reactions"
"HMR_9598",-7.41276803731035e-05,"Transport reactions"
"HMR_9605",-0.158130726057017,"Transport reactions"
"HMR_9608",-1.26546448754052e-20,"Transport reactions"
"HMR_9617",-4.07380710087595e-05,"Transport reactions"
"HMR_9640",0.00951568956911062,"Transport reactions"
"HMR_9641",-4.95131988822436e-05,"Transport reactions"
"HMR_9019",0.00070476679020733,"Transport reactions"
"HMR_0158",-0.000107821255772704,"Transport reactions"
"HMR_0446",0.000149149634134244,"Transport reactions"
"HMR_0578",1.66903117752837e-16,"Transport reactions"
"HMR_2127",4.00742990069463e-19,"Transport reactions"
"HMR_2141",4.00742990069463e-19,"Transport reactions"
"HMR_3946",-4.70477654212834e-05,"Transport reactions"
"HMR_4760",1.31784179531069e-05,"Transport reactions"
"HMR_4898",0.000626913597407394,"Transport reactions"
"HMR_4905",-1.33808525276327e-14,"Transport reactions"
"HMR_4957",0.00136404430903615,"Transport reactions"
"HMR_5122",0.0013888270550911,"Transport reactions"
"HMR_6286",0.000130177632156268,"Transport reactions"
"HMR_6293",-4.89370711549971e-05,"Transport reactions"
"HMR_6295",-0.000736395214492238,"Transport reactions"
"HMR_6305",-0.000117943349025404,"Transport reactions"
"HMR_6306",-0.000117943349025404,"Transport reactions"
"HMR_6317",-0.000113906321926617,"Transport reactions"
"HMR_6318",-0.000113906321926617,"Transport reactions"
"HMR_6323",-0.000232291579877136,"Transport reactions"
"HMR_6324",-0.000232291579877136,"Transport reactions"
"HMR_6389",0.00237048081434006,"Transport reactions"
"HMR_6431",3.68699386790061e-19,"Transport reactions"
"HMR_6446",1.88263113617281e-06,"Transport reactions"
"HMR_6454",3.72589282636091e-19,"Transport reactions"
"HMR_7638",-6.90282722248547e-05,"Transport reactions"
"HMR_8009",4.00742990069463e-19,"Transport reactions"
"HMR_8614",-1.26546448754052e-20,"Transport reactions"
"HMR_8891",-0.00251963044847425,"Transport reactions"
"HMR_8639",-5.84160912134928e-16,"Transport reactions"
"HMR_3987",-0.00284866345486116,"Transport reactions"
"HMR_4887",-0.00270012385821765,"Transport reactions"
"HMR_4907",4.95131988819857e-05,"Transport reactions"
"HMR_4962",-0.00564781371084103,"Transport reactions"
"HMR_5047",4.95131988816678e-05,"Transport reactions"
"HMR_7570",2.47565994406585e-05,"Transport reactions"
"HMR_2777",5.78698298133267e-05,"Transport reactions"
"HMR_4894",-2.30761955781334e-18,"Transport reactions"
"HMR_6629",-3.71746168148802e-05,"Transport reactions"
"HMR_7778",7.43492336297677e-05,"Transport reactions"
"HMR_7780",7.43492336297676e-05,"Transport reactions"
"HMR_8716",1.98750547324216e-05,"Transport reactions"
"HMR_9809",-0.000107954090766552,"Exchange/demand reactions"
"HMR_9811",18.7776604097489,"Exchange/demand reactions"
"HMR_9813",0.000242809733760773,"Exchange/demand reactions"
"HMR_9058",-6.44994204351903e-05,"Exchange/demand reactions"
"HMR_9067",-8.63263776653086,"Exchange/demand reactions"
"HMR_9072",-10.9585219236499,"Exchange/demand reactions"
"HMR_9078",-0.000125843305524581,"Exchange/demand reactions"
"HMR_9079",33.7972700065609,"Exchange/demand reactions"
"HMR_9140",-0.00103298039940126,"Exchange/demand reactions"
"HMR_9146",-2.38838655306615,"Exchange/demand reactions"
"HMR_9205",-0.0731430936941839,"Exchange/demand reactions"
"HMR_9253",0.0556472620098107,"Exchange/demand reactions"
"HMR_9273",9.88041244127487e-06,"Exchange/demand reactions"
"HMR_9303",0.0425973634494925,"Exchange/demand reactions"
"HMR_9358",-2.70987992331758e-05,"Exchange/demand reactions"
"HMR_9406",-0.00162514379352095,"Exchange/demand reactions"
"HMR_9418",-0.389306355903918,"Exchange/demand reactions"
"HMR_9421",0.218360261467391,"Exchange/demand reactions"
"HMR_9463",-7.53308499235361,"Exchange/demand reactions"
"HMR_9690",-0.080585159979197,"Exchange/demand reactions"
"AMY2e",0.000316946229724627,"Starch and sucrose metabolism"
"BILDGLCURtr",9.88041244127469e-06,"Transport reactions"
"BTNt4i",-1.75084695664039e-05,"Transport reactions"
"C180CRNt",1.49982388184067e-05,"Fatty acid oxidation"
"CLS_hs",0.000704766790207337,"Glycerophospholipid metabolism"
"EX_glyc_S[e]",-0.00174782181241295,"Exchange/demand reactions"
"EX_glygn4[e]",0.000316946229724627,"Exchange/demand reactions"
"FAOXC161802m",-2.19273840957897e-05,"Fatty acid oxidation"
"FAOXC180",-1.39404813055692e-05,"Fatty acid oxidation"
"FAOXC182806m",0.000152434650225604,"Fatty acid oxidation"
"FAOXC18280m",4.81283261398763e-05,"Fatty acid oxidation"
"FAOXC18480m",-2.87360615524699e-05,"Fatty acid oxidation"
"FAOXC2051843m",-2.87360615524699e-05,"Fatty acid oxidation"
"FAOXC226205m",-2.87360615524437e-05,"Fatty acid oxidation"
"GLYC_St",-0.00174782181241295,"Transport reactions"
"HPYRR2x",-0.000873910906206477,"Tricarboxylic acid cycle and glyoxylate/dicarboxylate metabolism"
"LNELDCCRNt",-2.07322357817076e-06,"Fatty acid oxidation"
"LNLCCRNt",1.95080749814789e-05,"Fatty acid oxidation"
"LPCHOLt",-4.9513198882476e-05,"Transport reactions"
"NAHCO3_HCLt",-0.0781770885320959,"Transport reactions"
"NMNATr",-1.95478921964524e-16,"Nicotinate and nicotinamide metabolism"
"PEt",0.000199039359241917,"Transport reactions"
"PGLYCt",1.04314448595523e-16,"Transport reactions"
"PSt3",9.44455940849084e-17,"Transport reactions"
"RDH2a",-0.00375155379577659,"Vitamin A metabolism"
"THFt2",-0.213277367071229,"Transport reactions"
"XOLEST2te",4.5361658015826e-16,"Transport reactions"
"EX_ahdt[e]",3.67541005176749,"Exchange/demand reactions"
"r0309",2.08778670145273e-06,"Fatty acid oxidation"
"r0310",-2.40151707972422e-05,"Fatty acid oxidation"
"r1147",-7.03576544416911e-05,"Transport reactions"
"r1253",-1.39404813055692e-05,"Fatty acid oxidation"
"r1423",-24.4848827242008,"Transport reactions"
"r2373",-0.00167308522115979,"Transport reactions"
"r2510",5.76757118987732e-05,"Transport reactions"
"RE1804M",7.90249857798873e-05,"Bile acid biosynthesis"
"RE1807M",7.83881969988379e-05,"Bile acid biosynthesis"
"RE2269E",-0.161871665202276,"Miscellaneous"
"EX_HC02191[e]",-18.667611487277,"Exchange/demand reactions"
"EX_CE5788[e]",-0.161871665202276,"Exchange/demand reactions"
"FAOXC61C4m",-8.94810082305537e-05,"Fatty acid oxidation"
"FAOXC8C6m",-9.45225038046695e-05,"Fatty acid oxidation"
"CYSSNAT5tc",-0.0350678342673178,"Transport reactions"
"Coqe",1.10821150042063e-05,"Transport reactions"
"GLUPROASCT1",-0.704555696279965,"Transport reactions"
"RPEc",-0.00347258788332487,"Pentose phosphate pathway"
"TAURCHAe",-0.389306355903918,"Transport reactions"
"q10tm",1.10821150042062e-05,"Transport reactions"
"MAL_Lte",-0.000194667064980843,"Transport reactions"
"2PGtr",-6.3471598160033e-05,"Transport reactions"
"DCMPtr",-0.0103686813942724,"Transport reactions"
"DHAPtr",0.00101044706609198,"Transport reactions"
"ETHAMPtr",-0.00019903935924283,"Transport reactions"
"FUMtr",0.0010003628647721,"Transport reactions"
"GLCURtr",1.48727859760513e-05,"Transport reactions"
"ICITtr",-0.00124769110643083,"Transport reactions"
"UDPGLCURtr",-8.4146809740058e-05,"Transport reactions"
"GLYC3tr",0.000249559549113247,"Transport reactions"
"OROT5Ptr",-0.0805851599791956,"Transport reactions"
"GLUB0AT3tc",-0.0779807394899893,"Transport reactions"
"PCRNte",-8.01996192001587e-06,"Transport reactions"
"EX_pcrn[e]",0.000179038873310952,"Exchange/demand reactions"
"C03990t",-18.6681054872526,"Transport reactions"
"MI1Pt",-0.000520458625851129,"Exchange/demand reactions"
"EX_argglygly[e]",-0.165463885639538,"Exchange/demand reactions"
"EX_argserser[e]",-0.0244472943224331,"Exchange/demand reactions"
"EX_serglyglu[e]",-0.0265064564678176,"Exchange/demand reactions"
"ALAASNLEUt",0.139446923320252,"Transport reactions"
"ALAHISALAt",0.292745638343831,"Transport reactions"
"ALALYSTHRt",0.318646663414882,"Transport reactions"
"ASNTYRTHRt",0.140132450293542,"Transport reactions"
"ASPASNGLUt",-0.018550646531908,"Transport reactions"
"ASPGLUPROt",0.800228785248259,"Transport reactions"
"ASPGLUTRPt",-0.0144037652622725,"Transport reactions"
"ASPLYSGLUt",-0.0240424296855459,"Transport reactions"
"ASPLYSHISt",-0.00444145881175964,"Transport reactions"
"ASPMETASPt",-0.325287760801574,"Transport reactions"
"ASPPROLYSt",-0.0258158350533819,"Transport reactions"
"ASPVALASNt",0.158642207214985,"Transport reactions"
"CYSGLUHISt",-0.000283559805889444,"Transport reactions"
"CYSLEUTHRt",0.0562671967317743,"Transport reactions"
"CYSSERMETt",0.11165961945122,"Transport reactions"
"GLUASNLEUt",0.00827919509984133,"Transport reactions"
"GLUILELYSt",-0.0050531706873422,"Transport reactions"
"GLUTHRLYSt",-0.00505505331847858,"Transport reactions"
"GLUTRPALAt",-0.0013473457148322,"Transport reactions"
"HISGLUGLNt",-0.00558674882335558,"Transport reactions"
"HISHISLYSt",-0.000248135698987659,"Transport reactions"
"HISLYSGLUt",-0.00480691761949079,"Transport reactions"
"ILEGLNGLUt",0.592777614284659,"Transport reactions"
"ILEPROLYSt",-0.0159475589050511,"Transport reactions"
"ILETRPTYRt",-0.000171827607375912,"Transport reactions"
"LEUASPLYSt",-0.000134028330415409,"Transport reactions"
"LEULEUTRPt",-0.000238841772583614,"Transport reactions"
"LEUSERTRPt",-0.000799996187365696,"Transport reactions"
"LEUTYRTYRt",-0.0117144667459195,"Transport reactions"
"LYSARGLEUt",-0.192251317497313,"Transport reactions"
"LYSGLUGLUt",-0.0261573553262808,"Transport reactions"
"LYSLYSLYSt",-0.0192739199531514,"Transport reactions"
"LYSTYRILEt",0.00384210337714163,"Transport reactions"
"METMETILEt",0.0369659911355024,"Transport reactions"
"PHELEUASPt",-0.017924426404121,"Transport reactions"
"PHEPHETHRt",0.0364537071213635,"Transport reactions"
"PROGLNPROt",-8.40260567062995e-05,"Transport reactions"
"PROLYSPROt",-0.00752726599492313,"Transport reactions"
"PROPROPROt",-0.0916200148394791,"Transport reactions"
"PROVALGLNt",-0.0255250834945525,"Transport reactions"
"THRASNTYRt",-0.0115076641607803,"Transport reactions"
"THRGLNGLUt",0.137536489185895,"Transport reactions"
"THRGLNTYRt",-0.0180231235743906,"Transport reactions"
"THRTYRMETt",0.0526904889625534,"Transport reactions"
"TRPASPASPt",-0.101381175730602,"Transport reactions"
"TRPPROVALt",-0.000171827607375913,"Transport reactions"
"TRPTHRGLUt",-0.00240062754371205,"Transport reactions"
"TRPTHRILEt",0.00317316823143033,"Transport reactions"
"TRPTHRTYRt",-0.00034365521475183,"Transport reactions"
"TRPTYRTYRt",-0.000171827607375913,"Transport reactions"
"TRPVALASPt",-0.000343655214751824,"Transport reactions"
"TYRALAPHEt",0.0314701093750154,"Transport reactions"
"TYRCYSTHRt",0.0519605270621992,"Transport reactions"
"TYRPHETYRt",-0.0191806133276898,"Transport reactions"
"TYRVALMETt",0.135462824986193,"Transport reactions"
"VALLEUPHEt",0.2350674044849,"Transport reactions"
"VALLYSTYRt",-0.00330102992287703,"Transport reactions"
"VALTRPVALt",0.151541528825907,"Transport reactions"
"ALAASNLEUr",0.139446923320252,"Peptide metabolism"
"ALAHISALAr",0.292745638343831,"Peptide metabolism"
"ALALYSTHRr",0.318646663414882,"Peptide metabolism"
"ARGGLYGLYr",-0.165463885639538,"Peptide metabolism"
"ASNTYRTHRr",0.140132450293542,"Peptide metabolism"
"ASPASNGLUr",-0.018550646531908,"Peptide metabolism"
"ASPGLUPROr",0.800228785248259,"Peptide metabolism"
"ASPGLUTRPr",-0.0144037652622727,"Peptide metabolism"
"ASPLYSGLUr",-0.0240424296855459,"Peptide metabolism"
"ASPLYSHISr",-0.00444145881175964,"Peptide metabolism"
"ASPMETASPr",-0.325287760801574,"Peptide metabolism"
"ASPPROLYSr",-0.0258158350533819,"Peptide metabolism"
"ASPVALASNr",0.158642207214984,"Peptide metabolism"
"CYSGLUHISr",-0.000283559805889444,"Peptide metabolism"
"CYSLEUTHRr",0.0562671967317744,"Peptide metabolism"
"CYSSERMETr",0.11165961945122,"Peptide metabolism"
"GLUASNLEUr",0.00827919509984133,"Peptide metabolism"
"GLUILELYSr",-0.0050531706873422,"Peptide metabolism"
"GLUTHRLYSr",-0.00505505331847857,"Peptide metabolism"
"GLUTRPALAr",-0.0013473457148322,"Peptide metabolism"
"HISGLUGLNr",-0.00558674882335558,"Peptide metabolism"
"HISHISLYSr",-0.000248135698987659,"Peptide metabolism"
"HISLYSGLUr",-0.00480691761949079,"Peptide metabolism"
"ILEGLNGLUr",0.592777614284659,"Peptide metabolism"
"ILEPROLYSr",-0.0159475589050511,"Peptide metabolism"
"ILETRPTYRr",-0.000171827607375912,"Peptide metabolism"
"LEUASPLYSr",-0.00013402833041585,"Peptide metabolism"
"LEULEUTRPr",-0.000238841772583613,"Peptide metabolism"
"LEUSERTRPr",-0.000799996187365696,"Peptide metabolism"
"LEUTYRTYRr",-0.0117144667459195,"Peptide metabolism"
"LYSARGLEUr",-0.192251317497313,"Peptide metabolism"
"LYSGLUGLUr",-0.0261573553262808,"Peptide metabolism"
"LYSLYSLYSr",-0.0192739199531514,"Peptide metabolism"
"LYSTYRILEr",0.00384210337714161,"Peptide metabolism"
"METMETILEr",0.0369659911355022,"Peptide metabolism"
"PHELEUASPr",-0.0179244264041212,"Peptide metabolism"
"PHEPHETHRr",0.0364537071213635,"Peptide metabolism"
"PROGLNPROr",-8.40260567062995e-05,"Peptide metabolism"
"PROLYSPROr",-0.00752726599492313,"Peptide metabolism"
"PROPROPROr",-0.0916200148394791,"Peptide metabolism"
"PROVALGLNr",-0.0255250834945527,"Peptide metabolism"
"THRASNTYRr",-0.0115076641607803,"Peptide metabolism"
"THRGLNGLUr",0.137536489185895,"Peptide metabolism"
"THRGLNTYRr",-0.0180231235743907,"Peptide metabolism"
"THRTYRMETr",0.0526904889625535,"Peptide metabolism"
"TRPASPASPr",-0.101381175730602,"Peptide metabolism"
"TRPPROVALr",-0.000171827607375913,"Peptide metabolism"
"TRPTHRGLUr",-0.00240062754371205,"Peptide metabolism"
"TRPTHRILEr",0.00317316823143033,"Peptide metabolism"
"TRPTHRTYRr",-0.00034365521475183,"Peptide metabolism"
"TRPTYRTYRr",-0.000171827607375913,"Peptide metabolism"
"TRPVALASPr",-0.000343655214751824,"Peptide metabolism"
"TYRALAPHEr",0.0314701093750154,"Peptide metabolism"
"TYRCYSTHRr",0.0519605270621989,"Peptide metabolism"
"TYRPHETYRr",-0.0191806133276898,"Peptide metabolism"
"TYRVALMETr",0.135462824986193,"Peptide metabolism"
"VALLEUPHEr",0.2350674044849,"Peptide metabolism"
"VALLYSTYRr",-0.00330102992287709,"Peptide metabolism"
"VALTRPVALr",0.151541528825907,"Peptide metabolism"
"LNELDCCRNtr",4.74185878437941e-05,"Transport reactions"
"THMt3",1.88263113617289e-06,"Transport reactions"
"PHPYRte",0.00644390297344908,"Transport reactions"
"2M3OVCOAm",-7.19436763391601e-05,"Propanoate metabolism"
"2M3OVACm",-7.19436763391601e-05,"Propanoate metabolism"
"2M3OVACtm",-7.19436763391601e-05,"Transport reactions"
"2M3HVACc",-7.19436763391601e-05,"Propanoate metabolism"
"2M3HVACte",-7.19436763391601e-05,"Transport reactions"
"EX_2m3hvac[e]",-7.194367633916e-05,"Exchange/demand reactions"
"PAIL_hs_t1e",-3.53056628752318e-16,"Transport reactions"
"MLTHFte3",-1.83230730906795,"Transport reactions"
"1A25DHVITD3te",4.00742990069463e-19,"Transport reactions"
"EX_sphings[e]",-4.95131988822436e-05,"Exchange/demand reactions"
"SPHGNte",0.000401843980757999,"Transport reactions"
"CRMte",-0.00821468830791189,"Sphingolipid metabolism"
"NEU22",0.00951568956911063,"Sphingolipid metabolism"
"NEU24",0.00951568956911063,"Sphingolipid metabolism"
"SPHMYLNtl2",4.95131988824793e-05,"Transport reactions"
"EX_h2co3[e]",-0.00160557414155193,"Exchange/demand reactions"
"CYOOm3i",0.000729847368013823,"Oxidative phosphorylation"
"HMR_10023",-6.67612471011349e-15,"Transport reactions"
"HMR_10024",-6.67612471011349e-15,"Exchange/demand reactions"
"HMR_10027",0.00951568956911063,"Exchange/demand reactions"
"HMR_10046",-4.95131988817347e-05,"Transport reactions"
"HMR_10047",-4.95131988817347e-05,"Exchange/demand reactions"
"HMR_10062",-1.54886093274632e-13,"Artificial reactions"
"HMR_10063",-2.67044988404539e-15,"Artificial reactions"
"HMR_10064",-1.3352249420227e-15,"Artificial reactions"
"HMR_10065",-3.39021957935453e-17,"Artificial reactions"
"biomass_human",-6.67612471011349e-15,"Artificial reactions"
