	fluxes
EX_4hba_c_boundary	0.0
EX_5drib_c_boundary	0.0
EX_hmfurn_c_boundary	-1.6948355563421802e-05
EX_oxam_c_boundary	0.0
EX_chitob_e_boundary	0.0
EX_pydxn_e_boundary	0.0
EX_pydx_e_boundary	0.0
EX_12ppd__R_e_boundary	0.0
EX_12ppd__S_e_boundary	0.0
EX_14glucan_e_boundary	0.0
EX_15dap_e_boundary	0.0
EX_23camp_e_boundary	0.0
EX_23ccmp_e_boundary	0.0
EX_23cgmp_e_boundary	0.0
EX_23cump_e_boundary	0.0
EX_23dappa_e_boundary	0.0
EX_26dap__M_e_boundary	0.0
EX_2ddglcn_e_boundary	0.0
EX_34dhpac_e_boundary	0.0
EX_3amp_e_boundary	0.0
EX_3cmp_e_boundary	0.0
EX_3gmp_e_boundary	0.0
EX_3hcinnm_e_boundary	0.0
EX_3hpppn_e_boundary	0.0
EX_3ump_e_boundary	0.0
EX_4abut_e_boundary	0.0
EX_4hoxpacd_e_boundary	0.0
EX_5dglcn_e_boundary	0.0
EX_LalaDgluMdapDala_e_boundary	0.0
EX_LalaDgluMdap_e_boundary	0.0
EX_ac_e_boundary	-0.011273354506278586
EX_acac_e_boundary	0.0
EX_acald_e_boundary	0.0
EX_acgal1p_e_boundary	0.0
EX_acgal_e_boundary	0.0
EX_acgam1p_e_boundary	0.0
EX_acgam_e_boundary	0.0
EX_acmana_e_boundary	0.0
EX_acmum_e_boundary	0.0
EX_acnam_e_boundary	0.0
EX_acolipa_e_boundary	0.0
EX_acser_e_boundary	0.0
EX_ade_e_boundary	0.0
EX_adn_e_boundary	0.0
EX_adocbl_e_boundary	0.0
EX_ag_e_boundary	0.0
EX_agm_e_boundary	0.0
EX_akg_e_boundary	0.0
EX_ala__B_e_boundary	0.0
EX_ala__D_e_boundary	0.0
EX_ala__L_e_boundary	0.0
EX_alaala_e_boundary	0.0
EX_all__D_e_boundary	0.0
EX_alltn_e_boundary	0.0
EX_amp_e_boundary	0.0
EX_anhgm_e_boundary	0.0
EX_arab__L_e_boundary	0.0
EX_arbtn_e_boundary	0.0
EX_arbtn__fe3_e_boundary	0.0
EX_arg__L_e_boundary	0.0
EX_ascb__L_e_boundary	0.0
EX_asn__L_e_boundary	0.0
EX_aso3_e_boundary	0.0
EX_asp__L_e_boundary	0.0
EX_but_e_boundary	0.0
EX_butso3_e_boundary	0.0
EX_ca2_e_boundary	0.00018000977646620862
EX_cbi_e_boundary	0.0
EX_cbl1_e_boundary	0.0
EX_cd2_e_boundary	0.0
EX_cgly_e_boundary	0.0
EX_chol_e_boundary	0.0
EX_cit_e_boundary	0.0005
EX_icit_e_boundary	0.0
EX_acon__C_e_boundary	0.0
EX_cl_e_boundary	0.00018000977646620862
EX_cmp_e_boundary	0.0
EX_co2_e_boundary	-2.308407259388406
EX_cobalt2_e_boundary	0.00012000651764413909
EX_colipa_e_boundary	0.0
EX_cpgn_e_boundary	0.0
EX_cpgn__un_e_boundary	0.0
EX_crn_e_boundary	0.0
EX_csn_e_boundary	0.0
EX_cu2_e_boundary	0.00012000651764413912
EX_cu_e_boundary	0.0
EX_cyan_e_boundary	0.0
EX_cynt_e_boundary	0.0
EX_cys__D_e_boundary	0.0
EX_cys__L_e_boundary	0.0
EX_cysi__L_e_boundary	0.0
EX_cytd_e_boundary	0.0
EX_dad__2_e_boundary	0.0
EX_damp_e_boundary	0.0
EX_dca_e_boundary	0.0
EX_dcmp_e_boundary	0.0
EX_dcyt_e_boundary	0.0
EX_ddca_e_boundary	0.0
EX_dgmp_e_boundary	0.0
EX_dgsn_e_boundary	0.0
EX_dha_e_boundary	0.0
EX_dimp_e_boundary	0.0
EX_din_e_boundary	0.0
EX_dms_e_boundary	0.0
EX_dmso_e_boundary	0.0
EX_dopa_e_boundary	0.0
EX_dtmp_e_boundary	0.0
EX_dump_e_boundary	0.0
EX_duri_e_boundary	0.0
EX_eca4colipa_e_boundary	0.0
EX_enlipa_e_boundary	0.0
EX_enter_e_boundary	0.0
EX_etha_e_boundary	0.0
EX_ethso3_e_boundary	0.0
EX_etoh_e_boundary	0.0
EX_f6p_e_boundary	0.0
EX_fald_e_boundary	0.0
EX_fe2_e_boundary	0.0
EX_fe3_e_boundary	0.0002785078428796376
EX_fe3dcit_e_boundary	0.0
EX_fe3dhbzs_e_boundary	0.0
EX_fe3hox_e_boundary	0.0
EX_fe3hox__un_e_boundary	0.0
EX_fecrm_e_boundary	0.0
EX_fecrm__un_e_boundary	0.0
EX_feenter_e_boundary	0.0
EX_feoxam_e_boundary	0.0
EX_feoxam__un_e_boundary	0.0
EX_for_e_boundary	0.0
EX_fru_e_boundary	0.0
EX_frulys_e_boundary	0.0
EX_fruur_e_boundary	0.0
EX_fuc__L_e_boundary	0.0
EX_fum_e_boundary	0.0
EX_g1p_e_boundary	0.0
EX_g3pc_e_boundary	0.0
EX_g3pe_e_boundary	0.0
EX_g3pg_e_boundary	0.0
EX_g3pi_e_boundary	0.0
EX_g3ps_e_boundary	0.0
EX_g6p_e_boundary	0.0
EX_gal1p_e_boundary	0.0
EX_gal__bD_e_boundary	0.0
EX_gal_e_boundary	0.0
EX_galct__D_e_boundary	0.0
EX_galctn__D_e_boundary	0.0
EX_galctn__L_e_boundary	0.0
EX_galt_e_boundary	0.0
EX_galur_e_boundary	0.0
EX_gam6p_e_boundary	0.0
EX_gam_e_boundary	0.0
EX_gbbtn_e_boundary	0.0
EX_gdp_e_boundary	0.0
EX_glc__D_e_boundary	0.0
EX_glcn_e_boundary	0.0
EX_glcr_e_boundary	0.0
EX_glcur1p_e_boundary	0.0
EX_glcur_e_boundary	0.0
EX_gln__L_e_boundary	0.0
EX_glu__L_e_boundary	0.0
EX_gly_e_boundary	0.0
EX_glyald_e_boundary	0.0
EX_glyb_e_boundary	0.0
EX_glyc2p_e_boundary	0.0
EX_glyc3p_e_boundary	0.0
EX_glyc__R_e_boundary	0.0
EX_glyc_e_boundary	1.26597534009354
EX_glyclt_e_boundary	0.0
EX_gmp_e_boundary	0.0
EX_gsn_e_boundary	0.0
EX_gthox_e_boundary	0.0
EX_gthrd_e_boundary	0.0
EX_gtp_e_boundary	0.0
EX_gua_e_boundary	0.0
EX_h2_e_boundary	0.0
EX_h2o2_e_boundary	0.0
EX_h2o_e_boundary	-4.620860666763921
EX_h2s_e_boundary	0.0
EX_h_e_boundary	-0.3322081619398178
EX_hacolipa_e_boundary	0.0
EX_halipa_e_boundary	0.0
EX_hdca_e_boundary	0.0
EX_hdcea_e_boundary	0.0
EX_hg2_e_boundary	0.0
EX_his__L_e_boundary	0.0
EX_hom__L_e_boundary	0.0
EX_hxa_e_boundary	0.0
EX_hxan_e_boundary	0.0
EX_idon__L_e_boundary	0.0
EX_ile__L_e_boundary	0.0
EX_imp_e_boundary	0.0
EX_indole_e_boundary	0.0
EX_inost_e_boundary	0.0
EX_ins_e_boundary	0.0
EX_isetac_e_boundary	0.0
EX_k_e_boundary	0.0067489415875867965
EX_kdo2lipid4_e_boundary	0.0
EX_lac__D_e_boundary	0.0
EX_lac__L_e_boundary	0.0
EX_lcts_e_boundary	0.0
EX_leu__L_e_boundary	0.0
EX_lipa__cold_e_boundary	0.0
EX_lipa_e_boundary	0.0
EX_lys__L_e_boundary	0.0
EX_lyx__L_e_boundary	0.0
EX_mal__D_e_boundary	0.0
EX_mal__L_e_boundary	0.0
EX_malt_e_boundary	0.0
EX_malthx_e_boundary	0.0
EX_maltpt_e_boundary	0.0
EX_malttr_e_boundary	0.0
EX_maltttr_e_boundary	0.0
EX_man6p_e_boundary	0.0
EX_man_e_boundary	0.0
EX_manglyc_e_boundary	0.0
EX_melib_e_boundary	0.0
EX_met__D_e_boundary	0.0
EX_met__L_e_boundary	0.0
EX_metsox__R__L_e_boundary	0.0
EX_metsox__S__L_e_boundary	0.0
EX_mg2_e_boundary	0.0003000162941103472
EX_minohp_e_boundary	0.0
EX_mmet_e_boundary	0.0
EX_mn2_e_boundary	0.00012000651764413909
EX_mnl_e_boundary	0.0
EX_mobd_e_boundary	0.0001200065176441391
EX_mso3_e_boundary	0.0
EX_n2o_e_boundary	0.0
EX_na1_e_boundary	0.0
EX_nac_e_boundary	0.0
EX_nh4_e_boundary	0.4187738965533553
EX_ni2_e_boundary	0.0
EX_nmn_e_boundary	0.0
EX_no2_e_boundary	0.0
EX_no3_e_boundary	0.0
EX_no_e_boundary	0.0
EX_o2_e_boundary	2.950992879027247
EX_o2s_e_boundary	0.0
EX_ocdca_e_boundary	0.0
EX_ocdcea_e_boundary	0.0
EX_octa_e_boundary	0.0
EX_orn_e_boundary	0.0
EX_orot_e_boundary	0.0
EX_oaa_e_boundary	0.0
EX_pacald_e_boundary	0.0
EX_peamn_e_boundary	0.0
EX_phe__L_e_boundary	0.0
EX_pheme_e_boundary	0.0
EX_pi_e_boundary	0.03370000000005476
EX_pnto__R_e_boundary	0.0
EX_ppa_e_boundary	0.0
EX_ppal_e_boundary	0.0
EX_pppn_e_boundary	0.0
EX_ppt_e_boundary	0.0
EX_pro__L_e_boundary	0.0
EX_progly_e_boundary	0.0
EX_psclys_e_boundary	0.0
EX_pser__L_e_boundary	0.0
EX_ptrc_e_boundary	0.0
EX_pyr_e_boundary	0.0
EX_r5p_e_boundary	0.0
EX_rib__D_e_boundary	0.0
EX_rmn_e_boundary	0.0
EX_sbt__D_e_boundary	0.0
EX_ser__D_e_boundary	0.0
EX_ser__L_e_boundary	0.0
EX_skm_e_boundary	0.0
EX_so2_e_boundary	0.0
EX_so3_e_boundary	0.0
EX_so4_e_boundary	0.004635413247393054
EX_spmd_e_boundary	0.0
EX_succ_e_boundary	-7.159062763013037e-20
EX_sucr_e_boundary	0.0
EX_sulfac_e_boundary	0.0
EX_tartr__L_e_boundary	0.0
EX_taur_e_boundary	0.0
EX_tcynt_e_boundary	0.0
EX_thm_e_boundary	0.0
EX_thr__L_e_boundary	0.0
EX_thrp_e_boundary	0.0
EX_thym_e_boundary	0.0
EX_thymd_e_boundary	0.0
EX_tma_e_boundary	0.0
EX_tmao_e_boundary	0.0
EX_tre_e_boundary	0.0
EX_trp__L_e_boundary	0.0
EX_tsul_e_boundary	0.0
EX_ttdca_e_boundary	0.0
EX_ttdcea_e_boundary	0.0
EX_tungs_e_boundary	0.0
EX_tym_e_boundary	0.0
EX_tyr__L_e_boundary	0.0
EX_tyrp_e_boundary	0.0
EX_uacgam_e_boundary	0.0
EX_udpacgal_e_boundary	0.0
EX_udpg_e_boundary	0.0
EX_udpgal_e_boundary	0.0
EX_udpglcur_e_boundary	0.0
EX_ump_e_boundary	0.0
EX_ura_e_boundary	0.0
EX_urea_e_boundary	0.0
EX_uri_e_boundary	0.0
EX_val__L_e_boundary	0.0
EX_xan_e_boundary	0.0
EX_xmp_e_boundary	0.0
EX_xtsn_e_boundary	0.0
EX_xyl__D_e_boundary	0.0
EX_xylu__L_e_boundary	0.0
EX_zn2_e_boundary	0.00012000651764413909
EX_AEP_e_boundary	0.0
EX_4hoxpac_e_boundary	0.0
EX_remnant1_e_boundary	0.0
EX_colipa20Oag_e_boundary	0.0
EX_salchs4_e_boundary	0.0
EX_salchs4fe_e_boundary	0.0
EX_salchsx_e_boundary	0.0
EX_tag__D_e_boundary	0.0
EX_airs_e_boundary	0.0
EX_pep_e_boundary	0.0
EX_2pg_e_boundary	0.0
EX_3pg_e_boundary	0.0
EX_tet_e_boundary	0.0
EX_foam_e_boundary	0.0
EX_tartr__D_e_boundary	0.0
EX_4abz_e_boundary	0.0
EX_feroxB_e_boundary	0.0
EX_feroxBfe_e_boundary	0.0
EX_feroxE_e_boundary	0.0
EX_feroxEfe_e_boundary	0.0
EX_feroxG_e_boundary	0.0
EX_feroxGfe_e_boundary	0.0
EX_drib_e_boundary	0.0
EX_dxyl_e_boundary	0.0
EX_salchs2fe_e_boundary	0.0
EX_rnam_e_boundary	0.0
EX_colipaOA_e_boundary	0.0
EX_udcpo4_e_boundary	0.0
EX_tcb_e_boundary	0.0
EX_fe3dhbzs3_e_boundary	0.0
EX_23dhbzs3_e_boundary	0.0
EX_guln__L_e_boundary	0.0
EX_udcpo5_e_boundary	0.0
EX_4hthr_e_boundary	0.0
EX_salchs2_e_boundary	0.0
EX_tton_e_boundary	0.0
12DGR120tipp	0.0
12DGR140tipp	0.0
12DGR141tipp	0.0
12DGR160tipp	0.0
12DGR161tipp	0.0
12DGR180tipp	0.0
12DGR181tipp	0.0
12PPDRtex	0.0
12PPDRtpp	0.0
12PPDStex	0.0
12PPDStpp	0.0
14GLUCANabcpp	0.0
14GLUCANtexi	0.0
23CAMPtex	0.0
23CCMPtex	0.0
23CGMPtex	0.0
23CUMPtex	0.0
23DAPPAt2pp	0.0
23DAPPAtex	0.0
23PDE2pp	0.0
23PDE4pp	0.0
23PDE7pp	0.0
23PDE9pp	0.0
26DAHtex	0.0
2AGPA120tipp	0.0
2AGPA140tipp	0.0
2AGPA141tipp	0.0
2AGPA160tipp	0.0
2AGPA161tipp	0.0
2AGPA180tipp	0.0
2AGPA181tipp	0.0
2AGPE120tipp	0.0
2AGPE140tipp	0.0
2AGPE141tipp	0.0
2AGPE160tipp	0.0
2AGPE161tipp	0.0
2AGPE180tipp	0.0
2AGPE181tipp	0.0
2AGPEAT120	0.0
2AGPEAT140	0.0
2AGPEAT141	0.0
2AGPEAT160	0.0
2AGPEAT161	0.0
2AGPEAT180	0.0
2AGPEAT181	0.0
2AGPG120tipp	0.0
2AGPG140tipp	0.0
2AGPG141tipp	0.0
2AGPG160tipp	0.0
2AGPG161tipp	0.0
2AGPG180tipp	0.0
2AGPG181tipp	0.0
2AGPGAT120	0.0
2AGPGAT140	0.0
2AGPGAT141	0.0
2AGPGAT160	0.0
2AGPGAT161	0.0
2AGPGAT180	0.0
2AGPGAT181	0.0
2DGLCNRx	0.0
2DGLCNRy	0.0
2DGULRx	0.0
2DGULRy	0.0
2MAHMP	0.0
34dhpactex	0.0
3AMPtex	0.0
3CMPtex	0.0
3GMPtex	0.0
3HAD100	0.008396162145002986
3HAD120	0.007817600007215948
3HAD121	0.0005785621377872118
3HAD140	0.007639566272205417
3HAD141	0.0005785621377872118
3HAD160	0.0064468352496289405
3HAD161	0.0005785621377872118
3HAD180	0.0001653034679392037
3HAD181	0.0002479552019088037
3HAD40	0.008396162145003008
3HAD60	0.008396162145003008
3HAD80	0.008396162145002986
3KGK	0.0
3NTD2pp	0.0
3NTD4pp	0.0
3NTD7pp	0.0
3NTD9pp	0.0
3OAR100	0.008396162145002986
3OAR120	0.007817600007215948
3OAR121	0.0005785621377872118
3OAR140	0.0077819932602137
3OAR141	0.0005785621377872118
3OAR160	0.0064468352496289405
3OAR161	0.0005785621377872118
3OAR180	0.0001653034679392037
3OAR181	0.0002479552019088037
3OAR40	0.008396162145003008
3OAR60	0.008396162145003008
3OAR80	0.008396162145002986
3OAS100	0.008396162145002986
3OAS120	0.007817600007215948
3OAS121	0.0005785621377872117
3OAS140	0.007781993260213699
3OAS141	0.0005785621377872117
3OAS160	0.0064468352496289405
3OAS161	0.0005785621377872117
3OAS180	0.00016530346793920366
3OAS181	0.0002479552019088037
3OAS60	0.008396162145003008
3OAS80	0.008396162145002984
3PEPTabcpp	0.0
3PEPTtex	0.0
3UMPtex	0.0
4HOXPACDtex	0.0
4PCP	0.0
4PCPpp	0.0
4PEPTabcpp	0.0
4PEPTtex	0.0
5DGLCNR	0.0
5DGLCNt2rpp	0.0
5DGLCNtex	0.0
5DOAN	0.0
A5PISO	0.0001068202410062092
AACPS1	0.0
AACPS2	0.0
AACPS3	0.0
AACPS4	0.0
AACPS5	0.0
AACPS6	0.0
AACPS7	0.0
AACPS8	0.0
AACPS9	0.0
AACTOOR	0.0
AAMYL	0.0
AAMYLpp	0.0
ABTA	0.0
ABUTD	0.0
ABUTt2pp	0.0
ABUTtex	0.0
ACACtex	0.0
ACALD	0.0
ACALDtex	0.0
ACALDtpp	0.0
ACBIPGT	0.0
ACCOAC	0.05778002218027978
ACCOAL	0.0
ACGAL1PPpp	0.0
ACGAL1Ptex	0.0
ACGALtex	0.0
ACGAM1PPpp	0.0
ACGAM1Ptex	0.0
ACGAMK	0.0
ACGAMT	0.0
ACGAptspp	0.0
ACGAtex	0.0
ACGK	0.006566727764881428
ACGS	0.00656672776488141
ACHBS	0.003319787646583165
ACKr	0.0
ACLS	0.018663217539902823
ACM6PH	0.0
ACMAMUT	0.0
ACMANAptspp	0.0
ACMANAtex	0.0
ACMUMtex	0.0
ACNAMt2pp	0.0
ACNAMtex	0.0
ACNML	0.0
ACOAD1f	0.0
ACOAD2f	0.0
ACOAD3f	0.0
ACOAD4f	0.0
ACOAD5f	0.0
ACOAD6f	0.0
ACOAD7f	0.0
ACOAD8f	0.0
ACOATA	0.0
ACODA	0.006566727764881397
ACOLIPAtex	0.0
ACONIs	0.0
ACONTa	0.7652866617187774
ACONTb	0.7652866617187774
ACOTA	-0.006566727764881397
ACPS1	0.0
ACS	0.0
ACSERtex	0.0
ACSERtpp	0.0
ACt2rpp	-0.011273354506278584
ACt4pp	0.0
ACtex	-0.011273354506278586
ADA	0.0
ADCL	0.001900039861370168
ADCS	0.001900039861370168
ADEt2rpp	0.0
ADEtex	0.0
ADK1	0.07938108135389192
ADK3	0.0
ADK4	0.0
ADMDC	0.0002660055805918219
ADNCYC	0.0
ADNK1	0.00028295393615524275
ADNUC	0.0
ADNt2pp	0.0
ADNt2rpp	0.0
ADNtex	0.0
ADOCBLabcpp	0.0
ADOCBLtonex	0.0
ADPRDP	0.0
ADPT	0.0
ADSK	0.004635413247393055
ADSL1r	0.00955442644452368
ADSL2r	0.017069692108997635
ADSS	0.00955442644452368
AGDC	0.0
AGM3PA	0.0
AGM3PApp	0.0
AGM3PH	0.0
AGM3Pt2pp	0.0
AGM4PA	0.0
AGM4PApp	0.0
AGM4PCP	0.0
AGM4PCPpp	0.0
AGM4PH	0.0
AGM4Pt2pp	0.0
AGMH	0.0
AGMHE	0.000142426988008307
AGMT	0.0
AGMt2pp	0.0
AGMtex	0.0
AGPAT120	0.0
AGPAT140	0.0005785621377872129
AGPAT141	0.0
AGPAT160	0.0031407658908448686
AGPAT161	0.00016530346793920363
AGPAT180	8.265173396960182e-05
AGPAT181	0.00012397760095440188
AGPR	-0.006566727764881427
AHCYSNS	1.69483555634218e-05
AICART	0.019621179637237824
AIRC2	0.017069692108997635
AIRC3	-0.017069692108997635
AKGDH	0.7277703746560243
AKGt2rpp	0.0
AKGtex	0.0
ALAALAabcpp	0.0
ALAALAr	0.0018773913862226252
ALAALAtex	0.0
ALAGLUE	0.0
ALAR	0.003754782772445246
ALATA_D2	0.0
ALATA_L	-0.03407193280285915
ALATA_L2	0.0
ALATRS	0.0
ALAabcpp	0.0
ALAt2pp	0.0
ALAt4pp	0.0
ALAtex	0.0
ALDD2y	0.0
ALDD3y	0.0
ALLTAMH	0.0
ALLTN	0.0
ALLTNt2rpp	0.0
ALLTNtex	0.0
ALLtex	0.0
ALR2	0.0
ALR4x	0.0
AM3PA	0.0
AM4PA	0.0
AM4PCP	0.0
AMALT1	0.0
AMALT2	0.0
AMALT3	0.0
AMALT4	0.0
AMANAPEr	0.0
AMANK	0.0
AMAOTr	0.0
AMMQLT8	0.0
AMPMS2	0.0
AMPN	0.0
AMPTASECG	0.0
AMPTASEPG	0.0
AMPtex	0.0
ANHGMtex	0.0
ANHMK	0.0
ANPRT	0.003339776065924779
ANS	0.0033397760659247796
AOBUTDs	0.0
AOXSr	0.0
AP4AH	0.0
AP5AH	0.0
APRAUR	3.800079722740315e-07
ARAI	0.0
ARBTNR1	0.0
ARBTNR2	0.0
ARBTNR3	0.0
ARBTNabcpp	0.0
ARBTNexs	0.0
ARBTNtex	0.0
ARBTNtonex	0.0
ARBTNtpp	0.0
ARBt2rpp	0.0
ARBt3ipp	0.0
ARBtex	0.0
ARGAGMt7pp	0.0
ARGDC	0.0
ARGDCpp	0.0
ARGORNt7pp	0.0
ARGSL	0.004970694281330467
ARGSS	0.004970694281330466
ARGTRS	0.0
ARGabcpp	0.0
ARGt3pp	0.0
ARGtex	0.0
ASAD	-0.034304307677904766
ASCBPL	0.0
ASCBptspp	0.0
ASCBtex	0.0
ASNN	0.0
ASNNpp	0.0
ASNS1	0.0
ASNS2	0.010362399395143334
ASNTRS	0.0
ASNabcpp	0.0
ASNt2rpp	0.0
ASNtex	0.0
ASO3tex	0.0
ASP1DC	2.242047036398107e-06
ASPCT	0.014407926267175509
ASPK	0.034304307677904766
ASPO3	0.00010374217643078186
ASPO4	9.088728532367829e-17
ASPO5	0.0
ASPO6	0.0
ASPT	0.0
ASPTA	-0.10498829857355273
ASPTRS	0.0
ASPabcpp	0.0
ASPt2_2pp	0.0
ASPt2pp	0.0
ASPtex	0.0
AST	0.0
ATHRDHr	0.0
ATPHs	0.0
ATPM	8.39
ATPPRT	0.0025514875282395292
ATPS4rpp	9.663605089572492
BALAt2pp	0.0
BALAtex	0.0
BPNT	0.0046354132473930545
BSORx	0.0
BSORy	0.0
BTS4	0.0
BUTSO3tex	0.0
BUTtex	0.0
CA2t3pp	0.0
CA2tex	0.00018000977646620862
CADVtpp	0.0
CAt6pp	-0.00018000977646620862
CBIAT	0.0
CBItonex	0.0
CBIuabcpp	0.0
CBL1abcpp	0.0
CBL1tonex	0.0
CBPS	0.0
CD2abcpp	0.0
CD2t3pp	0.0
CD2tex	0.0
CD2tpp	0.0
CDAPPA120	0.0
CDAPPA140	0.0
CDAPPA141	0.0
CDAPPA160	0.0
CDAPPA161	0.0
CDAPPA180	0.0
CDAPPA181	0.0
CDPMEK	0.0
CFAS160E	0.0
CFAS160G	0.0
CFAS180E	0.0
CFAS180G	0.0
CGLYabcpp	0.0
CGLYtex	0.0
CHLabcpp	0.0
CHLtex	0.0
CHORS	0.012041426619838829
CHRPL	0.0
CITL	0.0
CITt7pp	0.0
CITtex	0.0005
ICITtex	0.0
ACONCtex	0.0
CLIPAtex	0.0
CLPNH120pp	0.0
CLPNH140pp	0.0
CLPNH141pp	0.0
CLPNH160pp	0.0
CLPNH161pp	0.0
CLPNH180pp	0.0
CLPNH181pp	0.0
CLPNS120pp	0.0
CLPNS140pp	3.724078128285507e-06
CLPNS141pp	0.0
CLPNS160pp	2.0216424124978465e-05
CLPNS161pp	1.0640223223672876e-06
CLPNS180pp	5.320111611836439e-07
CLPNS181pp	7.980167417754658e-07
CLt3_2pp	9.000488823310432e-05
CLtex	0.00018000977646620865
CMPN	0.0
CMPtex	0.0
CO2tex	-2.3084072593884057
CO2tpp	-2.275791669138519
COBALT2abcpp	0.0
COBALT2t3pp	0.0
COBALT2tex	0.0001200065176441391
COBALT2tpp	0.0
COLIPAabcpp	3.560674700207674e-05
COLIPAtex	0.0
CPGNR1	0.0
CPGNR2	0.0
CPGNR3	0.0
CPGNUtex	0.0
CPGNUtpp	0.0
CPGNabcpp	0.0
CPGNexs	0.0
CPGNtonex	0.0
CPPPGO	0.0
CPPPGO2	0.0
CRNBTCT	0.0
CRNCAL2	0.0
CRNCAR	0.0
CRNCBCT	0.0
CRNCDH	0.0
CRNDCAL2	0.0
CRNDabcpp	0.0
CRNDt2rpp	0.0
CRNabcpp	0.0
CRNt2rpp	0.0
CRNt7pp	0.0
CRNt8pp	0.0
CRNtex	0.0
CS	0.7647866617187773
CSNtex	0.0
CTBTCAL2	0.0
CTBTabcpp	0.0
CTBTt2rpp	0.0
CTPS2	0.0074277118276627465
CU1Opp	0.0
CU1abcpp	0.0
AU1abcpp	0.0
CU2abcpp	0.0
CU2tex	0.00012000651764413912
CU2tpp	0.00012000651764413912
CUtex	0.0
CYANST	0.0
CYANSTpp	0.0
CYANtex	0.0
CYNTtex	0.0
CYSDS	0.0
CYSDtex	0.0
CYSS	0.0046354132473930545
CYSSADS	0.0
CYSTL	0.003979671490437021
CYSTRS	0.0
CYSabc2pp	0.0
CYSabcpp	0.0
CYSIabcpp	0.0
CYStex	0.0
CYSItex	0.0
CYStpp	0.0
CYTBO3_4pp	5.9019857580544945
CYTD	0.0
CYTDH	0.0
CYTDK2	0.0
CYTDt2pp	0.0
CYTDt2rpp	0.0
CYTDtex	0.0
CYTK1	0.0038391635426886575
CYTK2	0.0
DAAD	0.0
DADA	0.0
DADK	0.0
DADNt2pp	0.0
DADNtex	0.0
DAGK120	0.0
DAGK140	0.0
DAGK141	0.0
DAGK160	0.0
DAGK161	0.0
DAGK180	0.0
DAGK181	0.0
DALAt2pp	0.0
DALAtex	0.0
DAMPtex	0.0
DAPDC	0.011833600259802244
DAPE	0.013710991646024868
DAPabcpp	0.0
DAPtex	0.0
DASYN120	0.0
DASYN140	0.000527489066313583
DASYN141	0.0
DASYN160	0.0028635120742737355
DASYN161	0.00015071116180388083
DASYN180	7.535558090194043e-05
DASYN181	0.00011303337135291065
DATPHs	0.0
DB4PS	7.600159445480629e-07
DBTS	0.0
DCAtex	0.0
DCMPtex	0.0
DCTPD	0.0
DCYTD	0.0
DCYTt2pp	0.0
DCYTtex	0.0
DDCAtexi	0.0
DDGALK	0.0
DDGLCNtex	0.0
DDGLK	0.0
DDPA	0.01204142661983883
DGK1	0.0
DGMPtex	0.0
DGSNt2pp	0.0
DGSNtex	0.0
DHAD1	0.018663217539902823
DHAD2	0.0033197876465831644
DHAtex	0.0
DHAtpp	0.0
DHBD	0.0
DHBS	0.0
DHDPRy	0.013710991646024866
DHDPS	0.013710991646024866
DHFR	0.002893266698502803
DHFS	0.0019000398613701682
DHNAOT4	0.0
DHNPA2	0.0019000398613701682
DHORD2	0.01440792626717551
DHORD5	0.0
DHORTS	-0.01440792626717551
DHPPDA2	3.800079722740315e-07
DHPS2	0.0019000398613701678
DHPTDCs	1.6948355563421802e-05
DHQS	0.01204142661983883
DHQTi	0.012041426619838829
DIMPtex	0.0
DINSt2pp	0.0
DINStex	0.0
DKGLCNR1	0.0
DKGLCNR2x	0.0
DKGLCNR2y	0.0
DKMPPD	0.0
DKMPPD3	0.00026600558059182135
DMATT	0.0
DMPPS	0.0
DMQMT	0.0
DMSOtex	0.0
DMStex	0.0
DM_4HBA	0.0
DM_5DRIB	0.0
DM_HMFURN	1.6948355563421802e-05
DM_OXAM	0.0
DNMPPA	0.0019000398613701682
DNTPPA	0.0019000398613701682
DOGULNR	0.0
DOPAtex	0.0
DPCOAK	2.242047036398107e-06
DRPA	0.0
DSBAO1	0.0
DSBAO2	0.0
DSBCGT	0.0
DSBDR	0.0
DSBGGT	0.0
DSERDHr	0.0
DSERt2pp	0.0
DSERtex	0.0
DTMPK	0.0009932268371326356
DTMPtex	0.0
DUMPtex	0.0
DURIK1	0.0
DURIPP	0.0
DURIt2pp	0.0
DURItex	0.0
DUTPDP	0.0
DXPRIi	0.0
DXPS	0.0
DXYLK	0.0
D_LACt2pp	0.0
D_LACtex	0.0
E4PD	0.0
EAR100x	0.0
EAR100y	0.007817600007215948
EAR120x	0.0
EAR120y	0.007817600007215946
EAR121x	0.0
EAR121y	0.0005785621377872118
EAR140x	0.0
EAR140y	0.007639566272205416
EAR141x	0.0
EAR141y	0.0005785621377872118
EAR160x	0.0
EAR160y	0.006446835249628942
EAR161x	0.0
EAR161y	0.0005785621377872143
EAR180x	0.0
EAR180y	0.00016530346793920344
EAR181x	0.0
EAR181y	0.0002479552019088037
EAR40x	0.0
EAR40y	0.008396162145003076
EAR60x	0.0
EAR60y	0.008396162145002968
EAR80x	0.0
EAR80y	0.008396162145003223
ECA4COLIPAtex	0.0
ECA4OALpp	0.0
ECAP1pp	0.0
ECAP2pp	0.0
ECAP3pp	0.0
ECAtpp	0.0
ECOAH1	0.0
ECOAH2	0.0
ECOAH3	0.0
ECOAH4	0.0
ECOAH5	0.0
ECOAH6	0.0
ECOAH7	0.0
ECOAH8	0.0
EDA	0.0
EDD	0.0
EDTXS1	3.5606747002068584e-05
EDTXS2	3.560674700206858e-05
EDTXS3	0.0
EDTXS4	0.0
ENLIPAtex	0.0
ENO	1.070416486086274
ENTCS	0.0
ETHAAL	0.0
ETHAt2pp	0.0
ETHAtex	0.0
ETHSO3tex	0.0
ETOHt2rpp	0.0
ETOHtex	0.0
EX_chitob_e	0.0
EX_pydxn_e	0.0
EX_pydx_e	0.0
EX_12ppd__R_e	0.0
EX_12ppd__S_e	0.0
EX_14glucan_e	0.0
EX_15dap_e	0.0
EX_23camp_e	0.0
EX_23ccmp_e	0.0
EX_23cgmp_e	0.0
EX_23cump_e	0.0
EX_23dappa_e	0.0
EX_26dap__M_e	0.0
EX_2ddglcn_e	0.0
EX_34dhpac_e	0.0
EX_3amp_e	0.0
EX_3cmp_e	0.0
EX_3gmp_e	0.0
EX_3hcinnm_e	0.0
EX_3hpppn_e	0.0
EX_3ump_e	0.0
EX_4abut_e	0.0
EX_4hoxpacd_e	0.0
EX_5dglcn_e	0.0
EX_LalaDgluMdapDala_e	0.0
EX_LalaDgluMdap_e	0.0
EX_ac_e	0.011273354506278586
EX_acac_e	0.0
EX_acald_e	0.0
EX_acgal1p_e	0.0
EX_acgal_e	0.0
EX_acgam1p_e	0.0
EX_acgam_e	0.0
EX_acmana_e	0.0
EX_acmum_e	0.0
EX_acnam_e	0.0
EX_acolipa_e	0.0
EX_acser_e	0.0
EX_ade_e	0.0
EX_adn_e	0.0
EX_adocbl_e	0.0
EX_ag_e	0.0
EX_agm_e	0.0
EX_akg_e	0.0
EX_ala__B_e	0.0
EX_ala__D_e	0.0
EX_ala__L_e	0.0
EX_alaala_e	0.0
EX_all__D_e	0.0
EX_alltn_e	0.0
EX_amp_e	0.0
EX_anhgm_e	0.0
EX_arab__L_e	0.0
EX_arbtn_e	0.0
EX_arbtn__fe3_e	0.0
EX_arg__L_e	0.0
EX_ascb__L_e	0.0
EX_asn__L_e	0.0
EX_aso3_e	0.0
EX_asp__L_e	0.0
EX_but_e	0.0
EX_butso3_e	0.0
EX_ca2_e	-0.00018000977646620862
EX_cbi_e	0.0
EX_cbl1_e	0.0
EX_cd2_e	0.0
EX_cgly_e	0.0
EX_chol_e	0.0
EX_cit_e	-0.0005
EX_icit_e	0.0
EX_acon__C_e	0.0
EX_cl_e	-0.00018000977646620865
EX_cmp_e	0.0
EX_co2_e	2.308407259388406
EX_cobalt2_e	-0.00012000651764413909
EX_colipa_e	0.0
EX_cpgn_e	0.0
EX_cpgn__un_e	0.0
EX_crn_e	0.0
EX_csn_e	0.0
EX_cu2_e	-0.0001200065176441391
EX_cu_e	0.0
EX_cyan_e	0.0
EX_cynt_e	0.0
EX_cys__D_e	0.0
EX_cys__L_e	0.0
EX_cysi__L_e	0.0
EX_cytd_e	0.0
EX_dad__2_e	0.0
EX_damp_e	0.0
EX_dca_e	0.0
EX_dcmp_e	0.0
EX_dcyt_e	0.0
EX_ddca_e	0.0
EX_dgmp_e	0.0
EX_dgsn_e	0.0
EX_dha_e	0.0
EX_dimp_e	0.0
EX_din_e	0.0
EX_dms_e	0.0
EX_dmso_e	0.0
EX_dopa_e	0.0
EX_dtmp_e	0.0
EX_dump_e	0.0
EX_duri_e	0.0
EX_eca4colipa_e	0.0
EX_enlipa_e	0.0
EX_enter_e	0.0
EX_etha_e	0.0
EX_ethso3_e	0.0
EX_etoh_e	0.0
EX_f6p_e	0.0
EX_fald_e	0.0
EX_fe2_e	0.0
EX_fe3_e	-0.0002785078428796376
EX_fe3dcit_e	0.0
EX_fe3dhbzs_e	0.0
EX_fe3hox_e	0.0
EX_fe3hox__un_e	0.0
EX_fecrm_e	0.0
EX_fecrm__un_e	0.0
EX_feenter_e	0.0
EX_feoxam_e	0.0
EX_feoxam__un_e	0.0
EX_for_e	0.0
EX_fru_e	0.0
EX_frulys_e	0.0
EX_fruur_e	0.0
EX_fuc__L_e	0.0
EX_fum_e	0.0
EX_g1p_e	0.0
EX_g3pc_e	0.0
EX_g3pe_e	0.0
EX_g3pg_e	0.0
EX_g3pi_e	0.0
EX_g3ps_e	0.0
EX_g6p_e	0.0
EX_gal1p_e	0.0
EX_gal__bD_e	0.0
EX_gal_e	0.0
EX_galct__D_e	0.0
EX_galctn__D_e	0.0
EX_galctn__L_e	0.0
EX_galt_e	0.0
EX_galur_e	0.0
EX_gam6p_e	0.0
EX_gam_e	0.0
EX_gbbtn_e	0.0
EX_gdp_e	0.0
EX_glc__D_e	0.0
EX_glcn_e	0.0
EX_glcr_e	0.0
EX_glcur1p_e	0.0
EX_glcur_e	0.0
EX_gln__L_e	0.0
EX_glu__L_e	0.0
EX_gly_e	0.0
EX_glyald_e	0.0
EX_glyb_e	0.0
EX_glyc2p_e	0.0
EX_glyc3p_e	0.0
EX_glyc__R_e	0.0
EX_glyc_e	-1.26597534009354
EX_glyclt_e	0.0
EX_gmp_e	0.0
EX_gsn_e	0.0
EX_gthox_e	0.0
EX_gthrd_e	0.0
EX_gtp_e	0.0
EX_gua_e	0.0
EX_h2_e	0.0
EX_h2o2_e	0.0
EX_h2o_e	4.620860666763921
EX_h2s_e	0.0
EX_h_e	0.3322081619398178
EX_hacolipa_e	0.0
EX_halipa_e	0.0
EX_hdca_e	0.0
EX_hdcea_e	0.0
EX_hg2_e	0.0
EX_his__L_e	0.0
EX_hom__L_e	0.0
EX_hxa_e	0.0
EX_hxan_e	0.0
EX_idon__L_e	0.0
EX_ile__L_e	0.0
EX_imp_e	0.0
EX_indole_e	0.0
EX_inost_e	0.0
EX_ins_e	0.0
EX_isetac_e	0.0
EX_k_e	-0.0067489415875867965
EX_kdo2lipid4_e	0.0
EX_lac__D_e	0.0
EX_lac__L_e	0.0
EX_lcts_e	0.0
EX_leu__L_e	0.0
EX_lipa__cold_e	0.0
EX_lipa_e	0.0
EX_lys__L_e	0.0
EX_lyx__L_e	0.0
EX_mal__D_e	0.0
EX_mal__L_e	0.0
EX_malt_e	0.0
EX_malthx_e	0.0
EX_maltpt_e	0.0
EX_malttr_e	0.0
EX_maltttr_e	0.0
EX_man6p_e	0.0
EX_man_e	0.0
EX_manglyc_e	0.0
EX_melib_e	0.0
EX_met__D_e	0.0
EX_met__L_e	0.0
EX_metsox__R__L_e	0.0
EX_metsox__S__L_e	0.0
EX_mg2_e	-0.0003000162941103472
EX_minohp_e	0.0
EX_mmet_e	0.0
EX_mn2_e	-0.00012000651764413909
EX_mnl_e	0.0
EX_mobd_e	-0.0001200065176441391
EX_mso3_e	0.0
EX_n2o_e	0.0
EX_na1_e	0.0
EX_nac_e	0.0
EX_nh4_e	-0.4187738965533553
EX_ni2_e	0.0
EX_nmn_e	0.0
EX_no2_e	0.0
EX_no3_e	0.0
EX_no_e	0.0
EX_o2_e	-2.950992879027247
EX_o2s_e	0.0
EX_ocdca_e	0.0
EX_ocdcea_e	0.0
EX_octa_e	0.0
EX_orn_e	0.0
EX_orot_e	0.0
EX_oaa_e	0.0
EX_pacald_e	0.0
EX_peamn_e	0.0
EX_phe__L_e	0.0
EX_pheme_e	0.0
EX_pi_e	-0.03370000000005477
EX_pnto__R_e	0.0
EX_ppa_e	0.0
EX_ppal_e	0.0
EX_pppn_e	0.0
EX_ppt_e	0.0
EX_pro__L_e	0.0
EX_progly_e	0.0
EX_psclys_e	0.0
EX_pser__L_e	0.0
EX_ptrc_e	0.0
EX_pyr_e	0.0
EX_r5p_e	0.0
EX_rib__D_e	0.0
EX_rmn_e	0.0
EX_sbt__D_e	0.0
EX_ser__D_e	0.0
EX_ser__L_e	0.0
EX_skm_e	0.0
EX_so2_e	0.0
EX_so3_e	0.0
EX_so4_e	-0.004635413247393054
EX_spmd_e	0.0
EX_succ_e	0.0
EX_sucr_e	0.0
EX_sulfac_e	0.0
EX_tartr__L_e	0.0
EX_taur_e	0.0
EX_tcynt_e	0.0
EX_thm_e	0.0
EX_thr__L_e	0.0
EX_thrp_e	0.0
EX_thym_e	0.0
EX_thymd_e	0.0
EX_tma_e	0.0
EX_tmao_e	0.0
EX_tre_e	0.0
EX_trp__L_e	0.0
EX_tsul_e	0.0
EX_ttdca_e	0.0
EX_ttdcea_e	0.0
EX_tungs_e	0.0
EX_tym_e	0.0
EX_tyr__L_e	0.0
EX_tyrp_e	0.0
EX_uacgam_e	0.0
EX_udpacgal_e	0.0
EX_udpg_e	0.0
EX_udpgal_e	0.0
EX_udpglcur_e	0.0
EX_ump_e	0.0
EX_ura_e	0.0
EX_urea_e	0.0
EX_uri_e	0.0
EX_val__L_e	0.0
EX_xan_e	0.0
EX_xmp_e	0.0
EX_xtsn_e	0.0
EX_xyl__D_e	0.0
EX_xylu__L_e	0.0
EX_zn2_e	-0.00012000651764413909
Ec_biomass_iAF1260_core_59p81M	0.0
F6PA	-1.2610677081352075
F6PP	0.0
F6Pt6_2pp	0.0
F6Ptex	0.0
FA100ACPHi	0.0
FA120ACPHi	0.0
FA140ACPHi	0.0
FA141ACPHi	0.0
FA160ACPHi	0.0
FA161ACPHi	0.0
FA80ACPHi	0.0
FACOAE100	0.0
FACOAE120	0.0
FACOAE140	0.0
FACOAE141	0.0
FACOAE160	0.0
FACOAE161	0.0
FACOAE180	0.0
FACOAE181	0.0
FACOAE60	0.0
FACOAE80	0.0
FACOAL100t2pp	0.0
FACOAL120t2pp	0.0
FACOAL140t2pp	0.0
FACOAL141t2pp	0.0
FACOAL160t2pp	0.0
FACOAL161t2pp	0.0
FACOAL180t2pp	0.0
FACOAL181t2pp	0.0
FACOAL60t2pp	0.0
FACOAL80t2pp	0.0
FADRx	0.0
FADRx2	0.0
FALDtex	0.0
FALDtpp	0.0
FALGTHLs	0.0
FBA	1.2228990740533643
FBP	0.0
FCI	0.0
FCLK	0.0
FCLPA	0.0
FCLT	0.0
FDH4pp	0.03261559024988649
FDH5pp	0.0
FE2t2pp	0.0
FE2tex	0.0
FE2tpp	0.0
FE3DHBZR	0.0
FE3DHBZSabcpp	0.0
FE3DHBZStonex	0.0
FE3HOXR1	0.0
FE3HOXR2	0.0
FE3HOXR3	0.0
FE3HOXUtex	0.0
FE3HOXUtpp	0.0
FE3HOXexs	0.0
FE3HOXtonex	0.0
FE3Ri	0.0
FE3tex	0.0
FECRMR1	0.0
FECRMR2	0.0
FECRMR3	0.0
FECRMUtex	0.0
FECRMUtpp	0.0
FECRMabcpp	0.0
FECRMexs	0.0
FECRMtonex	0.0
FEENTERabcpp	0.00027850784287963674
FEENTERexs	0.00027850784287963674
FEENTERtonex	0.0002785078428796368
FEENTERtpp	0.00027850784287963674
FEOXAMUtex	0.0
FEOXAMUtpp	0.0
FEOXAMabcpp	0.0
FEOXAMexs	0.0
FEOXAMtonex	0.0
FEROpp	0.0
FHL	0.0
FLDR	0.0
FLVR	0.0
FLVRx	0.0
FMETTRS	0.0
FMNAT	3.8000797227403133e-07
FMNRx	0.0
FMNRx2	0.00013925392143981861
FORt2pp	0.0
FORtex	0.0
FORtppi	0.032615590249886486
FRD2	0.0
FRD3	0.0
FRUK	0.0
FRULYStex	0.0
FRUURtex	0.0
FRUpts2pp	0.0
FRUptspp	0.0
FRUtex	0.0
FTHFD	0.03044840478400768
FUCtex	0.0
FUCtpp	0.0
FUM	0.7593650734884869
FUMt2_2pp	0.0
FUMtex	0.0
G1PACT	0.0038259962664493833
G1PPpp	0.0
G1PTT	0.0009257754220539947
G1Ptex	0.0
G1SAT	6.77934222536872e-05
G2PPpp	0.0
G3PAT120	0.0
G3PAT140	0.0005785621377872129
G3PAT141	0.0
G3PAT160	0.0031407658908448686
G3PAT161	0.00016530346793920363
G3PAT180	8.265173396960182e-05
G3PAT181	0.00012397760095440188
G3PCabcpp	0.0
G3PCtex	0.0
G3PD2	0.0
G3PD5	0.0
G3PD6	0.0
G3PD7	0.0
G3PEabcpp	0.0
G3PEtex	0.0
G3PGabcpp	0.0
G3PGtex	0.0
G3PIabcpp	0.0
G3PItex	0.0
G3PSabcpp	0.0
G3PStex	0.0
G3PT	0.0
G5SADs	0.009765102864323012
G5SD	0.009765102864322982
G6PDA	0.0
G6PDH2r	2.222219183081527e-15
G6PP	0.0
G6Pt6_2pp	0.0
G6Ptex	0.0
GAL1PPpp	0.0
GAL1Ptex	0.0
GALBDtex	0.0
GALCTNLtex	0.0
GALCTNt2pp	0.0
GALCTNtex	0.0
GALCTt2rpp	0.0
GALCTtex	0.0
GALKr	0.0
GALM2pp	0.0
GALS3	0.0
GALT1	3.5606747002076736e-05
GALTtex	0.0
GALURt2rpp	0.0
GALURtex	0.0
GALUi	0.0011465980547424347
GALabcpp	0.0
GALt2pp	0.0
GALtex	0.0
GAM6Pt6_2pp	0.0
GAMAN6Ptex	0.0
GAMptspp	0.0
GAMtex	0.0
GAPD	1.1673652789971685
GARFT	0.01706969210899763
GART	0.0
GBBTNtex	0.0
GDMANE	0.0
GDPDPK	0.0
GDPMNH	0.0
GDPMNP	0.0
GDPtex	0.0
GF6PTA	0.003825996266449384
GHMT2r	0.07403140512178306
GK1	0.010066753192714146
GLBRAN2	0.0
GLCATr	0.0
GLCDpp	0.0
GLCNt2rpp	0.0
GLCNtex	0.0
GLCP	0.0
GLCP2	0.0
GLCRAL	0.0
GLCRD	0.0
GLCRt2rpp	0.0
GLCRtex	0.0
GLCS1	0.0010441099046201285
GLCTR1	3.5606747002076736e-05
GLCTR2	3.5606747002076736e-05
GLCTR3	3.5606747002076736e-05
GLCUR1Ptex	0.0
GLCURt2rpp	0.0
GLCURtex	0.0
GLCabcpp	0.0
GLCptspp	0.0
GLCt2pp	0.0
GLCtex	0.0
GLCtexi	0.0
GLDBRAN2	0.0
GLGC	0.0010441099046201285
GLNS	0.0708599725876041
GLNTRS	0.0
GLNabcpp	0.0
GLNtex	0.0
GLU5K	0.009765102864322982
GLUCYS	0.0
GLUDy	-0.32540289770179043
GLUN	0.0
GLUNpp	0.0
GLUPRT	0.01706969210899763
GLUR	-0.001877391386222625
GLUSy	0.0
GLUTRR	6.779342225368721e-05
GLUTRS	6.779342225368721e-05
GLUabcpp	0.0
GLUt2rpp	-0.00018000977646620743
GLUt4pp	0.00018000977646620743
GLUtex	0.0
GLXCL	0.0
GLYALDtex	0.0
GLYALDtpp	0.0
GLYAT	0.0
GLYBabcpp	0.0
GLYBtex	0.0
GLYC2Ptex	0.0
GLYC3Pabcpp	0.0
GLYC3Pt6pp	0.0
GLYC3Ptex	0.0
GLYCAt2rpp	0.0
GLYCAtex	0.0
GLYCDx	1.2610677081352075
GLYCK	0.0
GLYCK2	0.0
GLYCL	0.0
GLYCLTDx	0.0
GLYCLTDy	0.0
GLYCLTt2rpp	0.0
GLYCLTt4pp	0.0
GLYCLTtex	0.0
GLYCTO2	0.001900039861370168
GLYCTO3	0.0
GLYCTO4	0.0
GLYCtex	1.2659753400935403
GLYCtpp	-1.2660016746460188
GLYK	0.004933966510811289
GLYOX	0.0
GLYOX3	0.0
GLYTRS	0.0
GLYt2pp	0.0
GLYtex	0.0
GMAND	0.0
GMHEPAT	0.000142426988008307
GMHEPK	0.00014242698800830703
GMHEPPA	0.000142426988008307
GMPR	0.0
GMPS2	0.010066753192714148
GMPtex	0.0
GND	0.0
GNK	0.0
GOFUCR	0.0
GPDDA1	0.0
GPDDA1pp	0.0
GPDDA2	0.0
GPDDA2pp	0.0
GPDDA3	0.0
GPDDA3pp	0.0
GPDDA4	0.0
GPDDA4pp	0.0
GPDDA5	0.0
GPDDA5pp	0.0
GRTT	0.0
GRXR	0.0046354132473930545
GSNK	0.0
GSNt2pp	0.0
GSNtex	0.0
GSPMDA	0.0
GSPMDS	0.0
GTHOXtex	0.0
GTHOr	0.0046354132473930545
GTHRDHpp	0.0
GTHRDabc2pp	0.0
GTHRDabcpp	0.0
GTHRDtex	0.0
GTHS	0.0
GTPCI	0.001900039861370168
GTPCII2	3.8000797227403144e-07
GTPDPDP	0.0
GTPDPK	0.0
GTPHs	0.0
GTPtex	0.0
GUAPRT	0.0
GUAt2pp	0.0
GUAtex	0.0
GUAtpp	0.0
GUR1PPpp	0.0
H2O2tex	0.0
H2Otex	-4.620860666763921
H2Otpp	-4.6221044708579715
H2SO	0.0
H2St1pp	0.0
H2Stex	0.0
H2tex	0.0
H2tpp	0.0
HACD1i	0.0
HACD2i	0.0
HACD3i	0.0
HACD4i	0.0
HACD5i	0.0
HACD6i	0.0
HACD7i	0.0
HACD8i	0.0
HBZOPT	0.0
HCINNMtex	0.0
HCO3E	0.07484971428927742
HDCAtexi	0.0
HDCEAtexi	0.0
HDCOAI	0.0
HEMEOS	0.0
HEPK1	3.560674700207675e-05
HEPK2	3.560674700207674e-05
HEPT1	3.560674700207675e-05
HEPT2	3.560674700207675e-05
HEPT3	3.560674700207675e-05
HEPT4	3.560674700207674e-05
HETZK	0.0
HEX1	0.0
HEX4	0.0
HEX7	0.0
HG2abcpp	0.0
HG2tex	0.0
HISTD	0.0025514875282395284
HISTP	0.0025514875282395284
HISTRS	0.0
HISabcpp	0.0
HISt2rpp	0.0
HIStex	0.0
HMBS	8.4741777817109e-06
HMPK1	0.0
HOMt2pp	0.0
HOMtex	0.0
HPPK2	0.0019000398613701682
HPPPNtex	0.0
HPYRI	0.0
HPYRRx	0.0
HPYRRy	0.0
HSDy	-0.0205933160318798
HSK	0.016613644541442832
HSST	0.003979671490437021
HSTPT	0.0025514875282395284
HXAtex	0.0
HXPRT	0.0
HYPOE	0.0
HYXNtex	0.0
HYXNtpp	0.0
Htex	-0.33220816193981784
ICDHyr	0.7652866617187772
ICHORS	0.0
ICHORSi	0.0
ICHORT	0.0
ICL	0.0
IDOND	-0.2348334572198053
IDOND2	0.2348334572198053
IDONt2rpp	0.0
IDONtex	0.0
IG3PS	0.002551487528239529
IGPDH	0.0025514875282395292
IGPS	0.003339776065924779
ILETA	-0.0033197876465831644
ILETRS	0.0
ILEabcpp	0.0
ILEt2rpp	0.0
ILEtex	0.0
IMPC	-0.019621179637237827
IMPD	0.010066753192714148
IMPtex	0.0
INDOLEt2pp	0.0
INDOLEt2rpp	0.0
INDOLEtex	0.0
INSH	0.0
INSK	0.0
INSTtex	0.0
INSt2pp	0.0
INSt2rpp	0.0
INStex	0.0
IPDDI	0.0
IPDPS	0.0
IPMD	0.007846822620283748
IPPMIa	-0.007846822620283748
IPPMIb	-0.007846822620283748
IPPS	0.007846822620283748
ISETACtex	0.0
K2L4Aabcpp	-2.3495324289175978e-18
K2L4Atex	-2.349532428917598e-18
KARA1	-0.018663217539902823
KARA2	0.0033197876465831644
KAS14	0.0
KAS15	0.008396162145003007
KAT1	0.0
KAT2	0.0
KAT3	0.0
KAT4	0.0
KAT5	0.0
KAT6	0.0
KAT7	0.0
KAT8	0.0
KDOCT2	0.0001068202410062092
KDOPP	0.00010682024100620918
KDOPS	0.00010682024100620918
KG6PDC	0.0
Kabcpp	0.0
Kt2pp	0.0067489415875867965
Kt3pp	0.0
Ktex	0.0067489415875867965
LA4NTpp	0.0
LADGMDH	0.0
LALDO2x	0.0
LALGP	0.0
LCARR	0.0
LCARS	0.0
LCTStex	0.0
LDH_D	0.0
LDH_D2	0.0
LEUTAi	0.007846822620283746
LEUTRS	0.0
LEUabcpp	0.0
LEUt2rpp	0.0
LEUtex	0.0
LGTHL	0.0
LIPACabcpp	0.0
LIPAabcpp	-8.171147148357412e-18
LIPAtex	-8.171147148357412e-18
LPADSS	3.560674700206623e-05
LPLIPAL1A120pp	0.0
LPLIPAL1A140pp	0.0
LPLIPAL1A141pp	0.0
LPLIPAL1A160pp	0.0
LPLIPAL1A161pp	0.0
LPLIPAL1A180pp	0.0
LPLIPAL1A181pp	0.0
LPLIPAL1E120pp	0.0
LPLIPAL1E140pp	0.0
LPLIPAL1E141pp	0.0
LPLIPAL1E160pp	0.0
LPLIPAL1E161pp	0.0
LPLIPAL1E180pp	0.0
LPLIPAL1E181pp	0.0
LPLIPAL1G120pp	0.0
LPLIPAL1G140pp	0.0
LPLIPAL1G141pp	0.0
LPLIPAL1G160pp	0.0
LPLIPAL1G161pp	0.0
LPLIPAL1G180pp	0.0
LPLIPAL1G181pp	0.0
LPLIPAL2A120	0.0
LPLIPAL2A140	0.0
LPLIPAL2A141	0.0
LPLIPAL2A160	0.0
LPLIPAL2A161	0.0
LPLIPAL2A180	0.0
LPLIPAL2A181	0.0
LPLIPAL2ATE120	0.0
LPLIPAL2ATE140	0.0
LPLIPAL2ATE141	0.0
LPLIPAL2ATE160	0.0
LPLIPAL2ATE161	0.0
LPLIPAL2ATE180	0.0
LPLIPAL2ATE181	0.0
LPLIPAL2ATG120	0.0
LPLIPAL2ATG140	0.0
LPLIPAL2ATG141	0.0
LPLIPAL2ATG160	0.0
LPLIPAL2ATG161	0.0
LPLIPAL2ATG180	0.0
LPLIPAL2ATG181	0.0
LPLIPAL2E120	0.0
LPLIPAL2E140	0.0
LPLIPAL2E141	0.0
LPLIPAL2E160	0.0
LPLIPAL2E161	0.0
LPLIPAL2E180	0.0
LPLIPAL2E181	0.0
LPLIPAL2G120	0.0
LPLIPAL2G140	0.0
LPLIPAL2G141	0.0
LPLIPAL2G160	0.0
LPLIPAL2G161	0.0
LPLIPAL2G180	0.0
LPLIPAL2G181	0.0
LSERDHr	0.0
LYSDC	0.0
LYSTRS	0.0
LYSabcpp	0.0
LYSt2pp	0.0
LYSt3pp	0.0
LYStex	0.0
LYXI	0.0
LYXt2pp	0.0
LYXtex	0.0
L_LACD2	0.0
L_LACD3	0.0
L_LACt2rpp	0.0
L_LACtex	0.0
M1PD	0.0
MACPD	0.0
MALDt2_2pp	0.0
MALDtex	0.0
MALS	0.0019000398613701684
MALTATr	0.0
MALTHXabcpp	0.0
MALTHXtexi	0.0
MALTPTabcpp	0.0
MALTPTtexi	0.0
MALTTRabcpp	0.0
MALTTRtexi	0.0
MALTTTRabcpp	0.0
MALTTTRtexi	0.0
MALTabcpp	0.0
MALTptspp	0.0
MALTtexi	0.0
MALt2_2pp	0.0
MALtex	0.0
MAN6PI	-0.0008901686750519183
MAN6Pt6_2pp	0.0
MAN6Ptex	0.0
MANGLYCtex	0.0
MANptspp	0.0
MANtex	0.0
MCITD	0.0
MCITL2	0.0
MCITS	0.0
MCOATA	0.05778002218027978
MCPST	0.0
MCTP1App	0.0
MCTP1Bpp	0.0
MCTP2App	0.0
MDDCP1pp	0.0
MDDCP2pp	0.0
MDDCP3pp	0.0
MDDCP4pp	0.0
MDDCP5pp	0.0
MDDEP1pp	0.0
MDDEP2pp	0.0
MDDEP3pp	0.0
MDDEP4pp	0.0
MDH	0.761265113349857
MDRPD	0.00026600558059182205
ME1	0.0
ME2	0.0
MECDPDH2	0.0
MECDPS	0.0
MELIBt2pp	0.0
MELIBt3ipp	0.0
MELIBtex	0.0
MEPCT	0.0
METAT	0.0002829539361552437
METDabcpp	0.0
METDtex	0.0
METOX1s	0.0
METOX2s	0.0
METS	0.003996619846000443
METSOX1abcpp	0.0
METSOX1tex	0.0
METSOX2abcpp	0.0
METSOX2tex	0.0
METSOXR1	0.0
METSOXR2	0.0
METTRS	0.0
METabcpp	0.0
METtex	0.0
MG2t3_2pp	0.0003000162941103472
MG2tex	0.0003000162941103472
MG2tpp	0.0
MGSA	0.0
MI1PP	0.0
MICITD	0.0
MINOHPtexi	0.0
MLDCP1App	0.0
MLDCP1Bpp	0.0
MLDCP2App	0.0
MLDCP2Bpp	0.0
MLDCP3App	0.0
MLDEP1pp	0.0
MLDEP2pp	0.0
MLTG1	0.0
MLTG2	0.0
MLTG3	0.0
MLTG4	0.0
MLTG5	0.0
MLTGY1pp	0.0
MLTGY2pp	0.0
MLTGY3pp	0.0
MLTGY4pp	0.0
MLTP1	0.0
MLTP2	0.0
MLTP3	0.0
MME	0.0
MMETtex	0.0
MN2t3pp	0.0
MN2tpp	0.0001200065176441391
MN6PP	0.0
MNLptspp	0.0
MNLtex	0.0
MNt2pp	0.0
MNtex	0.0001200065176441391
MOAT	3.560674700206623e-05
MOAT2	3.5606747002066226e-05
MOAT3C	3.560674700207674e-05
MOBDabcpp	0.0001200065176441391
MOBDtex	0.0001200065176441391
MOHMT	2.242047036398107e-06
MPTG	0.0009386956931113123
MPTG2	0.0
MSO3tex	0.0
MTAN	0.000266005580591822
MTHFC	0.06713927653024314
MTHFD	0.06713927653024312
MTHFR2	0.005896659707370599
MTRI	0.00026600558059182205
MTRK	0.000266005580591822
MTRPOX	0.0
N2Otex	0.0
N2Otpp	0.0
NACODA	0.0
NACtex	0.0
NACtpp	0.0
NADDP	0.0
NADH10	0.0
NADH16pp	5.125188198846
NADH17pp	0.0
NADH18pp	0.0
NADH5	0.0
NADH9	0.0
NADK	2.0140422530585028e-05
NADN	0.0
NADPHQR2	0.0
NADPHQR3	0.0
NADPHQR4	0.0
NADPPPS	0.0
NADS1	0.00010374217643087273
NADTRHD	0.0
NAMNPP	0.0
NAt3_1p5pp	0.0
NAt3_2pp	0.0
NAtex	0.0
NDPK1	0.023171024110235677
NDPK2	0.0182732913595525
NDPK3	0.0036437634433453304
NDPK4	0.0019190022591866307
NDPK5	0.0010855687743952255
NDPK6	-3.2161554578039654e-18
NDPK7	0.0010855687743952255
NDPK8	0.0009932268371326287
NH4tex	0.4187738965533553
NH4tpp	0.41877389655335534
NHFRBO	0.0
NI2abcpp	0.0
NI2t3pp	0.0
NI2tex	0.0
NMNAT	0.0
NMNDA	0.0
NMNN	0.0
NMNPtpp	0.0
NMNt7pp	0.0
NMNtex	0.0
NNAM	0.0
NNATr	0.00010374217643087276
NNDPR	0.00010374217643087274
NO2t2rpp	0.0
NO2tex	0.0
NO3R1bpp	0.0
NO3R1pp	0.0
NO3R2bpp	0.0
NO3R2pp	0.0
NO3t7pp	0.0
NO3tex	0.0
NODOx	0.0
NODOy	0.0
NOtex	0.0
NOtpp	0.0
NPHS	0.0
NTD1	0.0
NTD10	0.0
NTD10pp	0.0
NTD11	0.0
NTD11pp	0.0
NTD12	0.0
NTD12pp	0.0
NTD1pp	0.0
NTD2	0.0
NTD2pp	0.0
NTD3	0.0
NTD3pp	0.0
NTD4	0.0
NTD4pp	0.0
NTD5	0.0
NTD5pp	0.0
NTD6	0.0
NTD6pp	0.0
NTD7	0.0
NTD7pp	0.0
NTD8	0.0
NTD8pp	0.0
NTD9	0.0
NTD9pp	0.0
NTP1	0.0
NTP10	0.0
NTP11	0.0
NTP12	0.0
NTP3	0.0
NTP5	0.0
NTPP1	0.0
NTPP10	0.0
NTPP11	0.0
NTPP2	0.0
NTPP3	0.0
NTPP4	0.0
NTPP5	0.0
NTPP6	0.0
NTPP7	0.0
NTPP8	0.0
NTPP9	0.0
NTPTP1	0.0
NTPTP2	0.0
NTRIR2x	0.0
NTRIR3pp	0.0
NTRIR4pp	0.0
O2Stex	0.0
O2tex	2.950992879027247
O2tpp	2.950992879027247
OAADC	0.0
OBTFL	0.0
OCDCAtexi	0.0
OCDCEAtexi	0.0
OCTAtex	0.0
OCTDPS	0.0
ODECOAI	0.0
OHPBAT	0.0
OHPHM	0.0
OMBZLM	0.0
OMCDC	0.007846822620283746
OMMBLHX	0.0
OMMBLHX3	0.0
OMPDC	0.01440792626717551
OMPHHX	0.0
OMPHHX3	0.0
OPHBDC	0.0
OPHHX	0.0
OPHHX3	0.0
ORNDC	0.0015960334835509317
ORNabcpp	0.0
ORNtex	0.0
OROTt2_2pp	0.0
OAAt2_2pp	0.0
OROTtex	0.0
OAAtex	0.0
ORPT	-0.01440792626717551
OXAMTC	0.0
OXGDC2	0.0
P5CD	0.0
P5CR	0.009765102864323012
PA120abcpp	0.0
PA140abcpp	5.10730714736298e-05
PA141abcpp	0.0
PA160abcpp	0.00027725381657113323
PA161abcpp	1.4592306135322806e-05
PA180abcpp	7.2961530676614e-06
PA181abcpp	1.0944229601492103e-05
PACALDt2rpp	0.0
PACALDtex	0.0
PANTS	2.242047036398108e-06
PAPA120	0.0
PAPA120pp	0.0
PAPA140	0.0
PAPA140pp	5.000904915126252e-05
PAPA141	0.0
PAPA141pp	0.0
PAPA160	0.0
PAPA160pp	0.0002714776953925679
PAPA161	0.0
PAPA161pp	1.4288299757503576e-05
PAPA180	0.0
PAPA180pp	7.144149878751788e-06
PAPA181	0.0
PAPA181pp	1.0716224818127683e-05
PAPPT3	0.0018773913862226248
PAPSR	0.0
PAPSR2	0.0046354132473930545
PDH	0.8566299145193516
PDX5PO2	0.0
PDX5POi	0.0
PDX5PS	0.0
PDXPP	0.0
PE120abcpp	0.0
PE140abcpp	0.00040725454388607936
PE141abcpp	0.0
PE160abcpp	0.002210810381095859
PE161abcpp	0.0001163584411103084
PE180abcpp	5.81792205551542e-05
PE181abcpp	8.726883083273129e-05
PEAMNtex	0.0
PERD	0.0
PETNT161pp	0.0
PETNT181pp	0.0
PFK	1.2228990740533643
PFK_2	0.0
PFL	0.0
PG120abcpp	0.0
PG140abcpp	0.00011917050010513622
PG141abcpp	0.0
PG160abcpp	0.000646925571999311
PG161abcpp	3.404871431575314e-05
PG180abcpp	1.7024357157876596e-05
PG181abcpp	2.5536535736814826e-05
PGAMT	-0.0038259962664493837
PGCD	0.09694879291089462
PGI	-0.0040066520564691266
PGK	-1.1673652789971685
PGL	0.0
PGLYCP	0.0
PGM	-1.070416486086274
PGMT	-0.0040066520564669035
PGP120abcpp	0.0
PGP140abcpp	0.0
PGP141abcpp	0.0
PGP160abcpp	0.0
PGP161abcpp	6.678470041883066e-20
PGP180abcpp	0.0
PGP181abcpp	8.299583781711911e-20
PGPP120	0.0
PGPP120pp	0.0
PGPP140	0.00011917050010513623
PGPP140pp	0.0
PGPP141	0.0
PGPP141pp	0.0
PGPP160	0.0006469255719993109
PGPP160pp	0.0
PGPP161	3.404871431575314e-05
PGPP161pp	0.0
PGPP180	1.70243571578766e-05
PGPP180pp	0.0
PGPP181	2.5536535736814826e-05
PGPP181pp	0.0
PGSA120	0.0
PGSA140	0.00011917050010513624
PGSA141	0.0
PGSA160	0.000646925571999311
PGSA161	3.404871431575321e-05
PGSA180	1.7024357157876596e-05
PGSA181	2.553653573681491e-05
PHEMEabcpp	0.0
PHEMEtiex	0.0
PHETA1	-0.0052722306073299105
PHETRS	0.0
PHEt2rpp	0.0
PHEtex	0.0
PIt2rpp	0.0349438040941049
PItex	0.03370000000005477
PIuabcpp	0.0
PLIPA1A120pp	0.0
PLIPA1A140pp	0.0
PLIPA1A141pp	0.0
PLIPA1A160pp	0.0
PLIPA1A161pp	0.0
PLIPA1A180pp	0.0
PLIPA1A181pp	0.0
PLIPA1E120pp	0.0
PLIPA1E140pp	0.0
PLIPA1E141pp	0.0
PLIPA1E160pp	0.0
PLIPA1E161pp	0.0
PLIPA1E180pp	0.0
PLIPA1E181pp	0.0
PLIPA1G120pp	0.0
PLIPA1G140pp	0.0
PLIPA1G141pp	0.0
PLIPA1G160pp	0.0
PLIPA1G161pp	0.0
PLIPA1G180pp	0.0
PLIPA1G181pp	0.0
PLIPA2A120pp	0.0
PLIPA2A140pp	0.0
PLIPA2A141pp	0.0
PLIPA2A160pp	0.0
PLIPA2A161pp	0.0
PLIPA2A180pp	0.0
PLIPA2A181pp	0.0
PLIPA2E120pp	0.0
PLIPA2E140pp	0.0
PLIPA2E141pp	0.0
PLIPA2E160pp	0.0
PLIPA2E161pp	0.0
PLIPA2E180pp	0.0
PLIPA2E181pp	0.0
PLIPA2G120pp	0.0
PLIPA2G140pp	0.0
PLIPA2G141pp	0.0
PLIPA2G160pp	0.0
PLIPA2G161pp	0.0
PLIPA2G180pp	0.0
PLIPA2G181pp	0.0
PMDPHT	3.8000797227403144e-07
PMPK	0.0
PNTK	2.242047036398108e-06
PNTOt4pp	0.0
PNTOtex	0.0
POX	0.0
PPA	0.11555599727568504
PPA2	0.0
PPAKr	0.0
PPALtex	0.0
PPALtpp	0.0
PPAt4pp	0.0
PPAtex	0.0
PPBNGS	3.38967111268436e-05
PPC	0.10850984694247291
PPCDC	2.2420470363981074e-06
PPCK	0.0
PPGPPDP	0.0
PPK2r	0.0
PPKr	0.0
PPM	-0.0002829539361552428
PPM2	0.0
PPNCL2	2.2420470363981074e-06
PPND	0.0015293800852140662
PPNDH	0.005272230607329911
PPPGO	0.0
PPPGO3	0.0
PPPNt2rpp	0.0
PPPNtex	0.0
PPS	0.0
PPTtex	0.0
PRAGSr	0.017069692108997635
PRAIS	0.017069692108997635
PRAIi	0.003339776065924779
PRAMPC	0.002551487528239529
PRASCSi	0.017069692108997635
PRATPP	0.0025514875282395292
PRFGS	0.017069692108997635
PRMICI	0.0025514875282395284
PROD2	0.0
PROGLYabcpp	0.0
PROGLYtex	0.0
PROTRS	0.0
PROabcpp	0.0
PROt4pp	0.0
PROtex	0.0
PRPPS	0.037472624146768184
PSCLYStex	0.0
PSCVT	0.012041426619838829
PSD120	0.0
PSD140	0.00040725454388607936
PSD141	0.0
PSD160	0.0022108103810958594
PSD161	0.0001163584411103084
PSD180	5.81792205551542e-05
PSD181	8.726883083273129e-05
PSERT	0.09694879291089462
PSERtex	0.0
PSP_L	0.09694879291089464
PSP_Lpp	0.0
PSSA120	0.0
PSSA140	0.0004083185662084467
PSSA141	0.0
PSSA160	0.0022165865022744243
PSSA161	0.00011666244748812761
PSSA180	5.8331223744063825e-05
PSSA181	8.749683561609572e-05
PTA2	0.0
PTAr	0.0
PTHRpp	0.0
PTPATi	2.2420470363981074e-06
PTRCORNt7pp	0.0
PTRCTA	0.0
PTRCabcpp	0.0
PTRCt2pp	0.0
PTRCtex	0.0
PUNP1	-0.00028295393615524275
PUNP2	0.0
PUNP3	0.0
PUNP4	0.0
PUNP5	0.0
PUNP6	0.0
PUNP7	0.0
PYAM5PO	0.0
PYDAMK	0.0
PYDXK	0.0
PYDXNK	0.0
PYDXPP	0.0
PYK	0.9358395742768926
PYNP2r	0.0
PYRt2rpp	0.0
PYRtex	0.0
QMO2	0.0
QMO3	0.0
QULNS	0.00010374217643087273
R5PP	0.0
R5PPpp	0.0
R5Ptex	0.0
RBFK	3.800079722740314e-07
RBFSa	7.600159445480629e-07
RBFSb	3.800079722740314e-07
RBK	0.0
RBK_L1	0.0
RBP4E	0.0
RHAT1	3.5606747002076736e-05
RHCCE	1.69483555634218e-05
RIBabcpp	0.0
RIBtex	0.0
RMI	0.0
RMK	0.0
RMNtex	0.0
RMNtpp	0.0
RMPA	0.0
RNDR1	0.0009932268371326287
RNDR1b	0.0
RNDR2	0.0010855687743952255
RNDR2b	0.0
RNDR3	0.0010855687743952255
RNDR3b	0.0
RNDR4	0.000993226837132632
RNDR4b	0.0
RNTR1c	7.366074719341008e-18
RNTR2c	0.0
RNTR3c	0.0
RNTR4c	0.0
RPE	-0.02930339009586434
RPI	-0.029195809838914885
S7PI	0.000142426988008307
SADH	0.0
SADT2	0.0046354132473930545
SBTPD	0.0
SBTptspp	0.0
SBTtex	0.0
SDPDS	0.013710991646024868
SDPTA	-0.013710991646024868
SELCYSS	0.0
SELNPS	0.0
SERASr	0.0
SERAT	0.004635413247393055
SERD_D	0.0
SERTRS	0.0
SERTRS2	0.0
SERt2rpp	0.0
SERt4pp	0.0
SERtex	0.0
SFGTHi	0.0
SGDS	0.0
SGSAD	0.0
SHCHCS2	0.0
SHCHD2	8.4741777817109e-06
SHCHF	8.4741777817109e-06
SHK3Dr	0.012041426619838829
SHKK	0.012041426619838829
SKMtex	0.0
SO2tex	0.0
SO2tpp	0.0
SO3tex	0.0
SO4tex	0.004635413247393054
SOTA	0.0
SPMDAT1	0.0
SPMDAT2	0.0
SPMDabcpp	0.0
SPMDtex	0.0
SPMS	0.0002660055805918219
SPODM	0.0
SPODMpp	0.0
SSALx	0.0
SSALy	0.0
SUCBZL	0.0
SUCBZS	0.0
SUCCt2_2pp	0.0
SUCCt3pp	0.0
SUCCtex	0.0
SUCDi	0.7277702606536326
SUCOAS	-0.7100795975171708
SUCRtex	0.0
SULFACtex	0.0
SULRi	0.004635413247393072
SULabcpp	0.0046354132473930545
T2DECAI	0.0005785621377872117
TALA	-0.00870219523201685
TARTRtex	0.0
TAURtex	0.0
TCYNTtex	0.0
TDECOAI	0.0
TDP	0.0
TDPADGAT	0.0
TDPAGTA	0.0
TDPDRE	0.0009257754220539946
TDPDRR	0.0009257754220539949
TDPGDH	0.0009257754220539947
TDSK	3.560674700206623e-05
TDSR1	0.0
TDSR2	0.0
THD2pp	0.0
THDPS	0.013710991646024866
THIORDXi	0.0
THMDt2pp	0.0
THMDt2rpp	0.0
THMDtex	0.0
THMabcpp	0.0
THMtex	0.0
THRA2i	0.0
THRAi	0.0
THRD	0.0
THRD_L	0.003319787646583165
THRPtex	0.0
THRS	0.016613644541442832
THRTRS	0.0
THRabcpp	0.0
THRt2pp	0.0
THRt2rpp	0.0
THRt4pp	1.1539007015874041e-18
THRtex	0.0
THYMt3pp	0.0
THYMtex	0.0
TKT1	-0.008559768244008545
TKT2	-0.02074362185185577
TMAOR1pp	0.0
TMAOR2pp	0.0
TMAOtex	0.0
TMAtex	0.0
TMDK1	0.0
TMDPP	0.0
TMDS	0.0009932268371326354
TMK	0.0
TMPK	0.0
TMPPP	0.0
TPI	1.2227953318769333
TPRDCOAS	0.0
TRDR	0.0041575912230557115
TRE6PH	0.0
TRE6PP	0.0
TRE6PS	0.0
TREH	0.0
TREHpp	0.0
TREptspp	0.0
TREtex	0.0
TRPS1	0.0033397760659247796
TRPS2	0.0
TRPS3	0.0
TRPTRS	0.0
TRPt2rpp	0.0
TRPtex	0.0
TRSARr	0.0
TSULabcpp	0.0
TSULtex	0.0
TTDCAtexi	0.0
TTDCEAtexi	0.0
TUNGSabcpp	0.0
TUNGStex	0.0
TYMtex	0.0
TYRPpp	0.0
TYRPtex	0.0
TYRTA	-0.0015293800852140662
TYRTRS	0.0
TYRt2rpp	0.0
TYRtex	0.0
U23GAAT	7.121349400413247e-05
UAAGDS	0.001877391386222625
UACGALPpp	0.0
UACGAMPpp	0.0
UACGAMtex	0.0
UACMAMO	0.0
UAG2E	0.0
UAGAAT	7.121349400413247e-05
UAGCVT	0.0018773913862226252
UAGDP	0.003825996266449383
UAGPT3	0.0018773913862226248
UAMAGS	0.0018773913862226252
UAMAS	0.0018773913862226252
UAPGR	0.0018773913862226252
UDCPDP	0.0018773913862226248
UDCPDPS	0.0
UDCPDPpp	0.0008901686750519182
UDCPPtppi	0.0008901686750519181
UDPACGALtex	0.0
UDPG4E	0.000890168675051918
UDPGALPpp	0.0
UDPGALtex	0.0
UDPGD	0.0
UDPGDC	0.0
UDPGLCURtex	0.0
UDPGPpp	0.0
UDPGtex	0.0
UDPKAAT	0.0
UGLCURPpp	0.0
UGLT	0.0
UGLYCH	0.0
UGMDDS	0.001877391386222625
UHGADA	7.121349400413248e-05
ULA4NFT	0.0
ULA4Ntppi	0.0
UM3PL	0.0
UM4PCP	0.0
UM4PL	0.0
UMPK	0.017211093075452145
UMPtex	0.0
UNK3	0.0002660055805918221
UPLA4FNF	0.0
UPLA4FNT	0.0
UPP3MT	8.4741777817109e-06
UPP3S	8.4741777817109e-06
UPPRT	0.0
URAt2pp	0.0
URAtex	0.0
URDGLYCD	0.0
UREAtex	0.0
UREAtpp	0.0
URIC	0.0
URIDK2r	-0.0009932268371326354
URIH	0.0
URIK2	0.0
URIt2pp	0.0
URIt2rpp	0.0
URItex	0.0
USHD	3.5606747002066226e-05
VALTA	-0.010814152872582684
VALTRS	0.0
VALabcpp	0.0
VALt2rpp	0.0
VALtex	0.0
VPAMT	0.0
X5PL3E	0.0
XANt2pp	0.0
XANtex	0.0
XANtpp	0.0
XMPtex	0.0
XPPT	0.0
XTSNH	0.0
XTSNt2rpp	0.0
XTSNtex	0.0
XYLI1	0.0
XYLI2	0.0
XYLK	0.0
XYLK2	0.0
XYLUt2pp	0.0
XYLUtex	0.0
XYLtex	0.0
XYLt2pp	0.0
ZN2abcpp	0.0
ZN2t3pp	0.0
ZN2tpp	0.0001200065176441391
ZNabcpp	0.0
Zn2tex	0.0001200065176441391
GCALDD	0.0019000398613701682
THZPSN	0.0
EX_AEP_e	0.0
AEPtex	0.0
AEPabcpp	0.0
AEPPYRTA	0.0
PALDH	0.0
EX_4hoxpac_e	0.0
4hoxpactex	0.0
4HOXPACt2pp	0.0
FLAVNADR	0.0
4HOXPACMON	0.0
4HOXPACMOF	0.0
34DHPACDO	0.0
4C2HM6SADH	0.0
5CM2HMUDI	0.0
5C2O3EDDC	0.0
2HH24DDH	0.0
4H2KPILY	0.0
12PPDS2tpp	0.0
12PPDRDH	0.0
12PPDSDH	0.0
ALCDPPAL	0.0
COAPPALDH	0.0
DSCLCOCH	0.0
Cobalt2abcppI	0.0
Cobalt2abcppII	0.0001200065176441391
CODSCL2MT	0.0
CODSCL3MT	0.0
CODSCL4MT	0.0
CODSCL5DA	0.0
CODSCL5BMT	0.0
CODSCL6ARED	0.0
CODSCL6BMT	0.0
CODSCL7MTDC	0.0
CODSCL8XI	0.0
COBNAD	0.0
COB2NDARED	0.0
COB1NDAAT1	0.0
COB1NDAAT2	0.0
ADCOBNSYN	0.0
LTHRK	0.0
THRPDC	0.0
ADOCBIPS	0.0
ADOCBLPS	0.0
ADOCBLPP	0.0
ADOCBIK	0.0
CBLAT	0.0
APPK	0.0
EX_remnant1_e	0.0
REMNANT1tex	0.0
EX_colipa20Oag_e	0.0
colipa20Oagtex	0.0
udcdp20OagLpp	0.0
udcdpgalrmnmanabetpp	0.0
OGLT	0.0
ORLT	0.0
OMLT	0.0
OALT	0.0
MAN1PT2	0.0008901686750519183
PMANM	-0.0008901686750519183
OAP1pp	0.0
OAP2pp	0.0
OAP3pp	0.0
OAP4pp	0.0
OAP5pp	0.0
OAP6pp	0.0
OAP7pp	0.0
OAP8pp	0.0
OAP9pp	0.0
OAP10pp	0.0
OAP11pp	0.0
OAP12pp	0.0
OAP13pp	0.0
OAP14pp	0.0
OAP15pp	0.0
OAP16pp	0.0
OAP17pp	0.0
OAP18pp	0.0
OAP19pp	0.0
G1PCT	0.0008901686750519184
CDPGLC46DH	0.0008901686750519183
CDP4D6DGLCRx	0.0008901686750519182
CDPABEQS	0.0008901686750519182
SALCHS4FEexs	8.038420961981557e-19
EX_SALCHS4_e	0.0
EX_SALCHS4FE_e	0.0
SALCHS4FEabcpp	8.038420961981557e-19
SALCHS4tex	8.038420961981557e-19
SALCHS4abcpp	8.038420961981557e-19
FEENTER2tpp	0.0
EX_SALCHSX_e	0.0
SALCHSXtex	0.0
SALCHSXtpp	0.0
CSNt2pp	0.0
CSND	0.0
ALCD19	0.0
ALCD2x	0.0
FALDH2	0.0
DPR	2.2420470363981074e-06
LIPAHT2ex	0.0
LIPAHTex	0.0
CYTBD2pp	0.0
CYTBDpp	0.0
ACANTHAT	0.0
GLTPD	0.0
TGBPA	0.0
GUI1	0.0
GUI2	0.0
MNNH	0.0
MANAO	0.0
OAADCS	0.0
CITt4pp	0.0
DDGLCNt2rpp	0.0
CITt2pp	0.0
CITtupp	0.0005
ICITtupp	0.0
ACONCtupp	0.0
NI2uabcpp	0.0
GALTptspp	0.0
EX_tag__D_e	0.0
TAGtex	0.0
TAGptspp	0.0
TAG1PK	0.0
FE2abcpp	0.0
MN2abcpp	0.0
TETDHpp1	0.0
TSULDHpp1	0.0
TETDHpp2	0.0
TSULDHpp2	0.0
TETDHpp3	0.0
TSULDHpp3	0.0
SO3R	0.0
MG2uabcpp	0.0
UPPDC1	0.0
AIRSK	0.0
EX_airs_e	0.0
AIRStex	0.0
AIRStpp	0.0
REMNANT1tpp	0.0
ARGDA	0.0
OCBT	0.004970694281330466
CBMKr	0.019378620548505865
3PGt6pp	0.0
2PGt6pp	0.0
PEPt6pp	0.0
EX_pep_e	0.0
PEPtex	0.0
EX_2pg_e	0.0
2PGtex	0.0
EX_3pg_e	0.0
3PGtex	0.0
SERD_L	0.0
TARTD	0.0
TARTRtpp	0.0
NI2tpp	0.0
CAT	0.0
CHORM	0.006801610692543977
DAPAL	0.0
UDPGALM	0.0
HYD1pp	0.0
HYD2pp	0.0
HYD3pp	0.0
EX_tet_e	0.0
TETtex	0.0
EX_foam_e	0.0
FOAMtex	0.0
EX_tartr__D_e	0.0
TARTRDtex	0.0
TARTRDtpp	0.0
GALCTD	0.0
SHSL1	0.003979671490437021
ASPt2_3pp	0.0
SUCFUMtpp	0.0
SUCCt2_3pp	0.0
FUMt2_3pp	0.0
MALt2_3pp	0.0
ALAALAD	0.0
DMSOR1	0.0
DMSOR2	0.0
NAt3pp	0.0
4IZ5PPH	0.0
NFLGLNH	0.0
EX_4abz_e	0.0
ABZtex	0.0
EX_feroxB_e	0.0
EX_feroxBfe_e	0.0
EX_feroxE_e	0.0
EX_feroxEfe_e	0.0
EX_feroxG_e	0.0
EX_feroxGfe_e	0.0
FEROXBFEabcpp	0.0
FEROXEFEabcpp	0.0
FEROXGFEabcpp	0.0
FEROXGFEtonex	0.0
FEROXBFEtex	0.0
FEROXEFEtex	0.0
FEROXGtex	0.0
FEROXEtex	0.0
FEROXBtex	0.0
FEROXBtpp	0.0
FEROXEtpp	0.0
FEROXGtpp	0.0
EX_drib_e	0.0
DRIBtpp	0.0
DRBK	0.0
DRIBtex	0.0
SCYSSL	0.0
SLCYSS	0.0
GSHPO	0.0
HHDDI	0.0
INOSR	0.0
MMSAD3	0.0
CHITPH	0.0
D5KGK	0.0
D5KGPA	0.0
DHEDAA	0.0
DKDID	0.0
2INSD	0.0
DTARTD	0.0
NMNR	0.0
RNMK	0.0
OACT	0.0008901686750519183
UDCPAT	0.0008901686750519182
UDCPMT	0.0008901686750519183
UDCPRT	0.0008901686750519182
UDCPGT	0.0008901686750519181
TCBO	0.0
GLYBt6ex	0.0
GLYBt6pp	0.0
CHITOBex	0.0
CHITOBpts	0.0
RNAMtex	0.0
RNAMtpp	0.0
OAO5t3ex	0.0
OAO5t3pp	0.0008901686750519182
TCBt2pp	0.0
TCBt2ex	0.0
TTONR1pp	0.0
TTONtex	0.0
TTONR2pp	0.0
LEUt4rpp	0.0
UPLA4NT	0.0
PSUDS	0.0
PFOR	0.0
NNDMBRT	0.0
biomass_iRR1083	0.0
peptido_ST	0.0009386956931113124
pe2_ST	2.90896102775771e-05
pg2_ST	7.980167417754657e-06
clpn2_ST	2.660055805918219e-07
pa2_ST	7.600159445480627e-08
ps2_ST	7.600159445480626e-08
12dgr2_ST	3.572074939375894e-06
OAL_ST	3.5606747002076736e-05
OA4L_ST	0.0
OA5L_ST	3.560674700207673e-05
OA4VL_ST	0.0
OA5VL_ST	0.0
OAO4t3pp	0.0
OAO4t3ex	0.0
PYDXtex	0.0
PYDXtpp	0.0
PYDXNtex	0.0
PYDXNtpp	0.0
HEXt2rpp	0.0
4HTHRtex	0.0
4HTHRtrpp	0.0
4HTHRK	0.0
35PDE	0.0
UROCANH	0.0
AADDFT	0.0
ENTERHpp	0.0
SALCHS4Hpp	0.0
SALCHS4FEHpp	0.0
DHBSZ3tex	0.0
DHBSZ3FEexs	0.0
DHBSZ3FEtonex	0.0
DHBSZ3FEabcpp	0.0
FEDHBZS3R1	0.0
FEDHBZS3R2	0.0
FEDHBZS3R3	0.0
SALCHS2tex	0.0
SALCHS2FEexs	0.0
SALCHS2FEtonex	0.0
SALCHS2FEabcpp	0.0
SALCHS2FER1	0.0
SALCHS2FER2	0.0
SALCHS2FER3	0.0
SALCHS2H	0.0
SALCHS1H	0.0
ENTERH	0.0
DHBZS3H	0.0
DHBZS2H	0.0
ENTERtex	0.0002785078428796368
ENTERGLCT1	0.0
ENTERGLCT2	0.0
FEROXBFER1	0.0
FEROXBFER2	0.0
FEROXBFER3	0.0
FEROXEFER1	0.0
FEROXEFER2	0.0
FEROXEFER3	0.0
FEROXGFER1	0.0
FEROXGFER2	0.0
FEROXGFER3	0.0
GULNLtex	0.0
GULNLtpp	0.0
GULNLR	0.0
DXYLUDtex	0.0
DXYLUDtpp	0.0
MUREINLPPTP	0.0
APOLPPS	0.0
PROLPPOATPE160	0.0
PROLPPOATPG160	0.0
PROLPPGT160	0.0
DMBZIDS	0.0
2HH24DDH1	0.0
GALCTND	0.0
DDPGALA	0.0
FOAMtrpp	0.0
FEENTERR1	0.0
FEENTERR2	0.00013925392143981837
FEENTERR3	0.0
SALCHS4FER1	0.0
SALCHS4FER2	0.0
SALCHS4FER3	0.0
SALCHS4FEtonex	8.038420961981557e-19
HISNH4L	0.0
AB6PGH	0.0
SARCOX	0.0
FE3HOXabcpp	0.0
FEOXAMR1	0.0
FEOXAMR2	0.0
FEOXAMR3	0.0
DHBSH	0.0
ALPATE160pp	0.0
ALPATG160pp	0.0
CYSLDS	0.0
INOSTtpp	0.0
HDCAt2pp	0.0
OCDCAt2pp	0.0
OCDCEAt2pp	0.0
TTDCAt2pp	0.0
DDCAt2pp	0.0
biomass_iRR1083_metals	0.038000797227403134
EX_dxyl_e	0.0
EX_salchs2fe_e	0.0
EX_rnam_e	0.0
EX_colipaOA_e	0.0
EX_udcpo4_e	0.0
EX_tcb_e	0.0
EX_fe3dhbzs3_e	0.0
EX_23dhbzs3_e	0.0
EX_guln__L_e	0.0
EX_udcpo5_e	0.0
EX_4hthr_e	0.0
EX_salchs2_e	0.0
EX_tton_e	0.0
